 对人对案,文书名称,文书摘要,文书概要固定拼接内容,文书摘要字段名称,是否包含公章,是否包含捺印,key,阅卷系统V1.1.2系统是否展示,阅卷系统V1.1.2系统展示字段名称,是否为手写体（文书内）,系统抽取字段名称,两者命名不一致,对应证据审查字段名称,备注说明,两者命名不一致,prompt,前端key,备注说明
对案,受案登记表,文书字号是{文书文号}，案件来源是{案件来源}；报案人的基本情况包括：报案人的姓名是{报案人姓名}，报案人的性别是{报案人性别}，报案人的出生日期是{报案人出生日期}，报案人的身份证件种类是{报案人身份证件种类}，报案人的证件号码是{报案人证件号码}，报案人的工作单位是{报案人工作单位}，报案人的联系方式是{报案人联系方式}，报案人的现住址是{报案人现住址}；移送单位和移送人的情况包括移送单位是{移送单位}，移送人是{移送人}，移送人联系方式是{移送人联系方式}；接报情况包括：接报民警是{接报民警姓名}、接报时间是{接报时间}、接报地点是{接报地点}；简要案情或者报案记录（发案时间、地点简要过程、涉案人基本情况、受害情况等）以及是否接受证据的相关记录，具体内容是{简要案情}；受案审批时间是{受案时间}。受案部门负责人是{受案审批人签名}，{是否有文书公章},这是一份{文书名称},文书名称,是,否,wsmc,否,/,否,文书名称,TRUE,,,FALSE,请将这份材料中的文书名称、文书文号、案件来源、接报时间、简要案情、受案时间、受案审批时间提取出来。,,
,,,,文书文号,,,wswh,是,文书文号,否,文书文号,TRUE,,,FALSE,,,
,,,,案件来源,,,ajly,是,案件来源,否,案件来源,TRUE,,,FALSE,,,
,,,,接报时间,,,jbsj,是,接报时间,否,接报时间,TRUE,,,FALSE,,,
,,,,简要案情,,,jyaq,是,简要案情,否,简要案情,TRUE,,,FALSE,,,
,,,,受案时间,,,sasj,是,受案日期,否,受案时间,TRUE,,,FALSE,,,
,,,,报案人姓名,,,baoar_xm,否,/,否,报案人姓名,,,,,,,
,,,,报案人性别,,,xb,否,/,否,报案人性别,,,,,,,
,,,,报案人出生日期,,,csrq,否,/,否,报案人出生日期,,,,,,,
,,,,报案人身份证件种类,,,zjzl,否,/,否,报案人身份证件种类,,,,,,,
,,,,报案人证件号码,,,zjhm,否,/,否,报案人证件号码,,,,,,,
,,,,报案人工作单位,,,gzdw,否,/,否,报案人工作单位,,,,,,,
,,,,报案人联系方式,,,lxfs,否,/,否,报案人联系方式,,,,,,,
,,,,报案人现住址,,,bxunwr_xzz,否,/,否,报案人现住址,,,,,,,
,,,,移送单位,,,ysdw,否,/,否,移送单位,,,,,,,
,,,,移送人,,,ysr_xm,否,/,否,移送人,,,,,,,
,,,,移送人联系方式,,,bxunwr_lxfs,否,/,否,移送人联系方式,,,,,,,
,,,,接报民警姓名,,,jbmj_xm,否,/,否,接报民警姓名,,,,,,,
,,,,接报地点,,,jbdd,否,/,否,接报地点,,,,,,,
,,,,受案审批人签名,,,saspr_qm,否,/,是,受案审批人签名,,,,,,,
,,,,是否有文书公章,,,统一特殊处理,,,,文书公章,,,,,,,
对案,立案决定书,文书字号是{文书文号}，正文内容是根据{适用法条}之规定，决定对{案件名称}案立案侦查。文书落款日期是{立案时间}。{是否有文书公章},这是一份{文书名称},文书名称,是,否,wsmc,否,/,否,文书名称,TRUE,,,FALSE,请将这份材料中的文书名称、文书文号、适用法条、案件名称、文书落款日期提取出来。,,
,,,,文书文号,,,wswh,是,文书文号,否,文书文号,TRUE,,,FALSE,,,
,,,,适用法条,,,ftsy,是,适用法条,否,适用法条,TRUE,,,FALSE,,,
,,,,案件名称,,,ajmc,是,案件名称,否,案件名称,TRUE,,,FALSE,,,
,,,,立案时间,,,lasj,是,立案时间,是,立案时间,TRUE,,,FALSE,,,
,,,,是否有文书公章,,,统一特殊处理,,,,文书公章,,,,,,,
对案,不予立案通知书,"控告式案件：
文书字号是{文书文号}，正文内容是{控告人姓名}：你（单位）于{提出控告时间}提出控告的{案件名称}，我局经审查认为{被控告人姓名}的行为不属于犯罪行为，根据{适用法条}之规定，决定不予立案。如不服本决定，可以在收到本通知之日起七日内向{公安机关名称}申请复议。文书落款日期是{不予立案时间}，{是否有文书公章}，{文书落款日期}
移送式案件：
文书字号是{文书文号}，正文内容是{移送人姓名}：你（单位）于{移送控告时间}提出移送的{案件名称}，我局经审查认为{被控告人姓名}的行为不属于犯罪行为，根据{适用法条}之规定，决定不予立案。如不服本决定，可以在收到本通知之日起七日内向{公安机关名称}申请复议。文书落款日期是{不予立案时间}，{是否有文书公章}，{文书落款日期}",这是一份{文书名称},文书名称,是,否,wsmc,否,/,否,文书名称,TRUE,,,FALSE,请将这份材料中的文书名称、文书文号、不予立案原因、文书落款日期提取出来。,,
,,,,文书文号,,,wswh,是,文书文号,否,文书文号,TRUE,,,FALSE,,,
,,,,控告人姓名,,,kgr_xm,否,/,否,控告人姓名,,,,,,,
,,,,移送人姓名,,,ysr_xm,否,/,否,移送人姓名,,,,,,,
,,,,移送/控告时间,,,yshkgrq,是,移送控告时间,否,提出控告时间,,,,,,,
,,,,控告类型,,,jylx,否,/,否,移送控告时间,,,,,,,
,,,,被控告人姓名,,,bkgr_xm,否,/,否,被控告人姓名,,,,,,,
,,,,案件名称,,,ajmc,否,/,否,案件名称,TRUE,,,FALSE,,,
,,,,适用法条,,,syft,是,适用法条,否,适用法条,,,,,,,
,,,,公安机关名称,,,gajmc,否,/,否,公安机关名称,,,,,,,
,,,,不予立案时间,,,wsscrq,是,不予立案日期,是,不予立案时间,TRUE,,,FALSE,,,
,,,,是否有文书公章,,,统一特殊处理,,,,文书公章,,,,,,,后台统一直接拼接
,,,,文书落款日期,,,wslkrq,否,/,是,文书落款日期,,,,,,,
对案,撤销案件决定书,正文内容是我局办理的{案件名称}，因{撤案原因}，根据{适用法条}之规定，决定撤销此案。撤案时间是{撤案时间}，{是否有文书公章},这是一份{文书名称},文书名称,是,否,wsmc,否,/,否,文书名称,TRUE,,,FALSE,请将这份材料中的文书名称、文书文号、案件名称、撤案原因、文书落款日期提取出来。,,
,,,,文书文号,,,wswh,是,文书文号,否,文书文号,TRUE,,,FALSE,,,
,,,,案件名称,,,ajmc,是,案件名称,否,案件名称,TRUE,,,FALSE,,,
,,,,适用法条,,,syft,是,适用法条,否,适用法条,,,,,,,
,,,,撤案原因,,,cayy,否,/,否,撤案原因,TRUE,,,FALSE,,,
,,,,撤案时间,,,wsscrq,是,撤案时间,是,撤案时间,TRUE,,,FALSE,,,
,,,,是否有文书公章,,,统一特殊处理,,,,文书公章,,,,,,,
对案,案件侦破经过,正文内容是案件{受立案经过}{侦破经过}{抓获经过}，嫌疑人{到案情况},这是一份{文书名称},文书名称,否,否,wsmc,否,/,否,文书名称,FALSE,,,FALSE,"请将这份材料中的案发经过、受立案经过、侦破情况、嫌疑人到案情况、立功情节、自首情节、退赃情节全部提取出来。
其中嫌疑人到案情况，请先将以上文本中的涉案人员及其到案方式提取出来，其中到案方式仅可以从主动投案、被动抓获二种方式中选择其一。
如果该涉案人员的到案方式为被动抓获的话，请提取出首次抓获时间、抓获地点、抓获人，然后按照以下格式输出
【涉案人员】于【首次抓获时间】在【抓获地点】被【抓获人】现场抓获
举例：张三于2019年6月15日22时在喜来乐酒店8088房间被民警张龙、蔡强等人现场抓获。
如果该涉案人员的到案方式为主动投案的话，请提取出首次到案时间、到案地点，然后按照以下格式输出
【涉案人员】于【首次到案时间】来到【到案地点】主动投案
举例：李四于2019年6月15日22时来到华山路派出所主动投案",,
,,,,受立案经过,,,afjg,是,案发经过,否,受立案经过,FALSE,,,FALSE,,,
,,,,侦破经过,,,slajg,是,受立案经过,否,侦破经过,FALSE,,,FALSE,,,
,,,,抓获经过,,,zpqk,是,侦破情况,否,抓获经过,FALSE,,,FALSE,,,
,,,,到案情况,,,dafs,是,嫌疑人到案情况,否,到案情况,FALSE,,,FALSE,,,
,,,,/,,,lgqj,是,立功情节,否,立功情节,FALSE,,,FALSE,,,
,,,,/,,,zsqj,是,自首情节,否,自首情节,FALSE,,,FALSE,,,
,,,,/,,,tzqj,是,退赃情节,否,退赃情节,,,,,,,
对单人,传唤证,"文书字号是{文书文号}，正文内容是根据{适用法条}之规定，兹传唤涉嫌{涉嫌罪名}罪的犯罪嫌疑人{被传唤人}（性别{被传唤人性别}，出生日期{被传唤人出生日期}，住址{被传唤人住址}）于被传唤人到达时间{被传唤人到达时间}到{传唤地点}接受讯问。无正当理由拒不接受传唤的，可以依法拘传。文书落款日期是{文书落款日期}
本证已于传唤证送达日期{传唤证送达日期}送达至被传唤人，{被传唤人签字}。
被传唤人于被传唤人到达时间{被传唤人到达时间}到达传唤地点，{被传唤人签字}。
传唤于被传唤人离开时间{被传唤人离开时间}结束，{被传唤人签字}，{是否有捺印}。",这是一份{人员类型}{文书指向人}的{文书名称},文书名称,否,是,wsmc,否,/,否,文书名称,TRUE,,,FALSE,请将这份材料中的文书名称、文书文号、被传唤人、被传唤人到达时间、被传唤人离开时间提取出来,,
,,,,文书文号,,,wswh,否,/,否,文书文号,TRUE,,,FALSE,,,
,,,,适用法条,,,syft,否,/,否,适用法条,TRUE,,,FALSE,,,
,,,,涉嫌罪名,,,sxzm,否,/,否,涉嫌罪名,,,,,,,
,,,,/,,,chfs(默认值),是,传唤方式,否,/,,,,,,,
,,,,/,,,判断是否有文书,是,延长传唤,否,/,,,,,,,
,,,,/,,,计算的,是,传唤总时长,否,/,,,,,,,
,,,,被传唤人,,,bchr,否,/,否,被传唤人,,,,,,,
,,,,被传唤人性别,,,bchr_xb,否,/,否,被传唤人性别,,,,,,,
,,,,被传唤人出生日期,,,bchy_csrq,否,/,否,被传唤人出生日期,,,,,,,
,,,,被传唤人住址,,,bchy_zz,否,/,否,被传唤人住址,,,,,,,
,,,,传唤地点,,,chdd,是,传唤地点,否,传唤地点,,,,,,,
,,,,文书落款日期,,,wsscrq,否,/,是,文书落款日期,,,,,,,
,,,,传唤证送达日期,,,chz_sdrq,否,/,是,传唤证送达日期,,,,,,,
,,,,被传唤人签字,,,bchr_qz,否,/,是,被传唤人签字,TRUE,,,FALSE,,,
,,,,被传唤人到达时间,,,bchr_ddsj,是,传唤到达时间,是,被传唤人到达时间,,,,,,,
,,,,被传唤人离开时间,,,bchr_lksj,是,传唤结束时间,是,被传唤人离开时间,,,,,,,
,,,,是否有捺印,,,统一特殊处理,,,,被传唤人捺印,,,,,,,
对单人,拘传证,"文书字号是{文书文号}，正文内容是根据{适用法条}之规定，兹决定对犯罪嫌疑人{犯罪嫌疑人姓名}（性别{犯罪嫌疑人性别}，出生日期{犯罪嫌疑人出生日期}，住址{犯罪嫌疑人住址}）执行拘传。
拘传地址为{公安办案场所}，文书落款日期为{文书落款日期}
本证已于拘传证送达日期{拘传证送达日期}向我宣布。被拘传人：{被拘传人姓名}，{是否有捺印}
拘传到案时间{拘传到案时间}。被拘传人：{被拘传人姓名}
拘传结束时间{拘传结束时间}。被拘传人：{被拘传人姓名}，{是否有捺印}，{是否有文书公章}",这是一份{人员类型}{文书指向人}的{文书名称},文书名称,是,是,wsmc,否,/,否,文书名称,TRUE,,,FALSE,请将这份材料中的文书名称、文书文号、拘传人、宣布拘传时间、拘传到案时间、拘传结束时间提取出来,,
,,,,文书文号,,,wswh,否,/,否,文书文号,TRUE,,,FALSE,,,
,,,,适用法条,,,syft,否,/,否,适用法条,,,,,,,
,,,,犯罪嫌疑人姓名,,,bxunwr_xm,否,/,否,犯罪嫌疑人姓名,,,,,,,
,,,,犯罪嫌疑人性别,,,xb,否,/,否,犯罪嫌疑人性别,,,,,,,
,,,,犯罪嫌疑人出生日期,,,csrq,否,/,否,犯罪嫌疑人出生日期,,,,,,,
,,,,犯罪嫌疑人住址,,,bxunwr_xzz,否,/,否,犯罪嫌疑人住址,,,,,,,
,,,,公安办案场所,,,jucdd,是,拘传地点,否,公安办案场所,,,,,,,
,,,,文书落款日期,,,xbjcsj,是,拘传时间,是,文书落款日期,,,,,,,
,,,,拘传证送达日期,,,wsscrq,否,/,否,拘传证送达日期,,,,,,,
,,,,被拘传人姓名,,,jucr,否,/,否,被拘传人姓名,FALSE,,,FALSE,,,
,,,,拘传到案时间,,,jcdasj,是,拘传到案时间,是,拘传到案时间,FALSE,,,FALSE,,,
,,,,拘传结束时间,,,jucjssj,是,拘传结束时间,是,拘传结束时间,FALSE,,,FALSE,,,
,,,,是否有捺印,,,统一特殊处理,,,,,,,,,,,
,,,,是否有文书公章,,,统一特殊处理,,,,文书公章,,,,,,,
对单人,传讯通知书,文书字号是{文书文号}，正文内容是{被传讯人}：根据{适用法条}之规定，现通知你于传讯时间{传讯时间}到{传讯地点}接受讯问。犯罪嫌疑人或其家属已于传讯通知书送达时间{传讯通知书送达时间}收到该份{文书名称}并签名{被传讯人或家属签名}，被传讯人于被传讯人到达时间{被传讯人到达时间}到达传讯地点，{被传讯人}签名并按捺指印{是否有捺印}，文书落款日期为{文书落款日期}，{是否有文书公章},这是一份{人员类型}{文书指向人}的{文书名称},文书名称,是,是,wsmc,否,/,否,文书名称,TRUE,,,FALSE,请将这份材料中的文书名称、文书文号、传讯时间、传讯地点、收到传讯通知书时间、被传讯人到达时间提取出来。,,
,,,,文书文号,,,wswh,否,/,否,文书文号,TRUE,,,FALSE,,,
,,,,被传讯人,,,bcxr,否,/,否,被传讯人,TRUE,,,FALSE,,,页签显示
,,,,适用法条,,,syft,否,/,否,适用法条,,,,,,,
,,,,传讯时间,,,cxsj,否,/,是,传讯时间,TRUE,,,FALSE,,,
,,,,传讯地点,,,cxdd,否,/,否,传讯地点,TRUE,,,FALSE,,,
,,,,传讯通知书送达时间,,,sdcxtzssj,否,/,是,传讯通知书送达时间,TRUE,,,FALSE,,,
,,,,被传讯人到达时间,,,bcxr_ddsj,否,/,是,被传讯人到达时间,TRUE,,,FALSE,,,
,,,,被传讯人或家属签名,,,bhprhqjs_qm,否,/,是,被传讯人或家属签名,,,,,,,
,,,,文书落款日期,,,wslkrq,否,/,是,文书落款日期,,,,,,,
,,,,是否有捺印,,,统一特殊处理,,,,被传讯人捺印,,,,,,,
,,,,是否有文书公章,,,统一特殊处理,,,,文书公章,,,,,,,
对单人,拘留证,文书字号是{文书文号}，正文内容是根据{适用法条}之规定，兹决定对犯罪嫌疑人{被拘留人}（犯罪嫌疑人的性别是{被拘留人性别}，出生日期是{被拘留人出生日期}，住址是{被拘留人住址}）执行拘留，送{被拘留人羁押地点}羁押。文书落款日期为{文书落款日期}，{是否有文书公章}。本拘留证于宣布拘留时间{宣布拘留时间}向犯罪嫌疑人{被拘留人}宣布，犯罪嫌疑人{被拘留人签名}并按手印{是否有捺印}。 {被拘留人}已于被拘留人送所时间{被拘留人送所时间}送{被拘留人羁押地点}羁押，接收民警为{接收民警签名}。,这是一份{人员类型}{文书指向人}的{文书名称},文书名称,是,是,wsmc,否,/,否,文书名称,TRUE,,,FALSE,请将这份材料中的文书名称、文书文号、适用法条、拘留人姓名、拘留人性别、拘留人出生日期、拘留人住址、拘留人羁押地点、拘留证生成日期、拘留证宣布日期、拘留人送所时间、接收民警姓名提取出来。,,
,,,,文书文号,,,wswh,否,/,否,文书文号,TRUE,,,FALSE,,,
,,,,适用法条,,,syft,否,/,否,适用法条,TRUE,,,FALSE,,,
,,,,被拘留人,,,xm,否,/,否,被拘留人,TRUE,,,FALSE,,,
,,,,被拘留人性别,,,jlr_xb,否,/,否,被拘留人性别,FALSE,,,FALSE,,,
,,,,被拘留人出生日期,,,jlr_csrq,否,/,否,被拘留人出生日期,TRUE,,,FALSE,,,
,,,,被拘留人住址,,,jlr_zz,否,/,否,被拘留人住址,TRUE,,,FALSE,,,
,,,,被拘留人羁押地点,,,jlr_jydd,是,羁押地点,否,被拘留人羁押地点,TRUE,,,FALSE,,,
,,,,文书落款日期,,,wslkrq,否,/,是,文书落款日期,TRUE,,,FALSE,,,
,,,,是否有文书公章,,,统一特殊处理,,,,文书公章,,,,,,,
,,,,宣布拘留时间,,,jlz_xbrq,是,刑拘时间,是,宣布拘留时间,TRUE,,,FALSE,,,原 拘留宣布时间
,,,,被拘留人送所时间,,,jlr_sssj,是,刑拘送押时间,是,被拘留人送所时间,TRUE,,,FALSE,,,原 刑拘送押时间
,,,,接收民警签名,,,jsmjqm,否,/,是,接收民警签名,TRUE,,,FALSE,,,
,,,,被拘留人签名,,,bjlrqm,否,/,是,被拘留人签名,,,,,,,
,,,,是否有捺印,,,统一特殊处理,,,,被拘留人捺印,,,,,,,
对单人,拘留通知书,"文书字号是{文书文号}，正文内容是{刑拘人姓名}：根据{适用法条}之规定，我局已于刑拘时间{刑拘时间}将涉嫌{涉嫌罪名}罪的{刑拘人姓名}刑事拘留，现羁押在{羁押地点}看守所。文书落款日期为{文书落款日期}，{是否有文书公章}。
本通知书已于家属签字时间{家属签字时间}送达至被拘留人家属：{家属签名}",这是一份{人员类型}{文书指向人}的{文书名称},文书名称,是,否,wsmc,否,/,否,文书名称,TRUE,,,FALSE,请将这份材料中的文书名称、文书文号、适用法条、刑拘时间、涉嫌罪名、刑拘人姓名、羁押地点、文书生成时间、家属签名姓名、家属签字时间提取出来。,,
,,,,文书文号,,,wswh,否,/,否,文书文号,TRUE,,,FALSE,,,
,,,,法条适用,,,ftsy,否,/,否,适用法条,TRUE,,,FALSE,,,
,,,,刑拘时间,,,xjsj,是,刑拘时间,否,刑拘时间,TRUE,,,FALSE,,,
,,,,涉嫌罪名,,,sxzm,否,/,否,涉嫌罪名,TRUE,,,FALSE,,,
,,,,刑拘人姓名,,,xjrxm,否,/,否,刑拘人姓名,TRUE,,,FALSE,,,
,,,,羁押地点,,,jydd,否,/,否,羁押地点,TRUE,,,FALSE,,,
,,,,文书落款日期,,,wsscrq,否,/,是,文书落款日期,TRUE,,,FALSE,,,
,,,,家属签名,,,jsqmxm,否,/,是,家属签名,TRUE,,,FALSE,,,
,,,,家属签字时间,,,jsqzsj,是,拘留通知家属时间,是,家属签字时间,TRUE,,,FALSE,,,
,,,,是否有文书公章,,,统一特殊处理,,,,文书公章,,,,,,,
对单人,取保候审决定书、执行通知书,"人保式：
文书字号是{文书文号}，正文内容是犯罪嫌疑人{被取保候审人}性别{被取保人性别}，出生日期{被取保候审人出生日期}，住址{被取保候审人住址}，单位及职业 {被取保候审人单位及职业}，联系方式{被取保人联系方式}。我局正在侦查{案件名称}，因犯罪嫌疑人{取保候审理由}，根据{适用法条}之规定决定对其取保候审，期限从取保候审开始时间{取保候审开始时间}起算。犯罪嫌疑人应当接受保证人{保证人}的监督。文书落款日期为{文书落款日期}，{是否有文书公章}， 本取保候审决定书于被取保人签字日期{被取保人签字日期}收到，被取保候审人{被取保人签字姓名}签名并按手印{是否有捺印}。 
财保式：
文书字号是{文书文号}，正文内容是犯罪嫌疑人被取保候审姓名性别{被取保候审性别}，出生日期{被取保候审出生日期}，住址{被取保候审住址}，单位及职业 {被取保候审单位及职业}，联系方式{被取保候审联系方式}。我局正在侦查{案件名称}，因犯罪嫌疑人{取保候审理由}，根据{适用法条}之规定决定对其取保候审，期限从取保候审开始时间{取保候审开始时间}起算。犯罪嫌疑人应当交纳保证金{保证金}。文书落款日期为{文书落款日期}，{是否有文书公章}，本取保候审决定书于被取保人签字日期{被取保人签字日期}收到，被取保候审人{被取保人签字姓名}签名并按手印{是否有捺印}。",这是一份{人员类型}{文书指向人}的{文书名称},文书名称,是,是,wsmc,否,/,否,文书名称,TRUE,,,FALSE,请将这份材料中的文书名称、文书文号、被取保人姓名、被取保人性别、被取保人出生日期、被取保人住址、被取保人单位及职业、适用法条、开始时间、保证人、文书制作日期、被取保人签字姓名、被取保人签字日期提取出来。,,
,,,,文书文号,,,wswh,否,/,否,文书文号,TRUE,,,FALSE,,,
,,,,被取保候审人,,,bqbr_xm,否,/,否,被取保候审人,TRUE,,,FALSE,,,
,,,,被取保候审人性别,,,bqbr_xb,否,/,否,被取保候审人性别,TRUE,,,FALSE,,,
,,,,被取保候审人出生日期,,,bqbr_csrq,否,/,否,被取保候审人出生日期,TRUE,,,FALSE,,,
,,,,被取保候审人住址,,,bqbr_zz,否,/,否,被取保候审人住址,TRUE,,,FALSE,,,
,,,,被取保候审人单位及职业,,,bzr_dw,否,/,否,被取保候审人单位及职业,TRUE,,,FALSE,,,
,,,,被取保候审人联系方式,,,bzr_lxfs,否,/,否,被取保候审人联系方式,,,,,,,
,,,,案件名称,,,ajmc,否,/,否,案件名称,,,,,,,
,,,,取保候审理由,,,qbhsly,否,/,否,取保候审理由,,,,,,,
,,,,适用法条,,,syft,否,/,否,适用法条,TRUE,,,FALSE,,,
,,,,取保候审开始时间,,,bqbr_qzrq,是,取保候审日期,否,取保候审开始时间,TRUE,,,FALSE,,,
,,,,保证人,,,bzr,是,保证人,否,保证人,TRUE,,,FALSE,,,
,,,,保证金,,,bzj,是,保证金,否,保证金,,,,,,,
,,,,文书落款日期,,,wsscrq,否,/,是,文书落款日期,TRUE,,,FALSE,,,
,,,,被取保人签字姓名,,,bqbr_qzxm,否,/,是,被取保人签字姓名,TRUE,,,FALSE,,,
,,,,被取保人签字日期,,,bqbr_qzrq,否,/,是,被取保人签字日期,TRUE,,,FALSE,,,
,,,,是否有捺印,,,统一特殊处理,,,,被取保候审人捺印,,,,,,,
,,,,是否有文书公章,,,统一特殊处理,,,,文书公章,,,,,,,
对单人,取保候审保证书,"正文内容是我叫{保证人姓名}，性别{保证人性别}，出生日期{保证人出生日期}，现住{保证人现住地}，身份证件名称{保证人身份证件名称}，号码{保证人身份证件号码}，单位及职业{保证人单位及职业}，联系方式{保证人联系方式}，与犯罪嫌疑人{被保证人姓名}是{与被保证人关系}关系。
我自愿做出如下保证：
监督犯罪嫌疑人在取保候审期间遵守下列规定：
（一）未经执行机关批准不得离开所居住的市、县；
（二）住址、工作单位和联系方式发生变动的，在二十四小时以内向执行机关报告；
（三）在传讯的时候及时到案；
（四）不得以任何形式干扰证人作证；
（五）不得毁灭、伪造证据或者串供。
监督犯罪嫌疑人遵守以下规定：
（一）不得进入xxx等场所；
（二）不得与受害人{受害人姓名}、证人{证人姓名}会见或者通信；
（三）不得从事xxx等活动；
（四）将护照、驾驶证证件交执行机关保存。
本人未履行保证义务的，愿承担法律责任。
此致{公安机关名称}，保证人：{保证人姓名}，文书落款日期为{文书落款日期}",这是一份{人员类型}{文书指向人}的{文书名称},文书名称,否,否,wsmc,否,/,否,文书名称,,,,,,,
,,,,保证人姓名,,,bzr_xm,是,保证人,否,保证人姓名,,,,,,,
,,,,保证人性别,,,bzr_xb,否,/,否,保证人性别,,,,,,,
,,,,保证人出生日期,,,bzr_csrq,否,/,否,保证人出生日期,,,,,,,
,,,,保证人现住地,,,bzr_xzd,否,/,否,保证人现住地,,,,,,,
,,,,保证人身份证件名称,,,bzr_sfzj_mc,否,/,否,保证人身份证件名称,,,,,,,
,,,,保证人身份证件号码,,,bzr_sfzh,否,/,否,保证人身份证件号码,,,,,,,
,,,,保证人单位及职业,,,bzr_dw,否,/,否,保证人单位及职业,,,,,,,
,,,,保证人联系方式,,,bzr_lxfs,否,/,否,保证人联系方式,,,,,,,
,,,,被保证人姓名,,,bqbr_xm,否,/,否,被保证人姓名,,,,,,,
,,,,与被保证人关系,,,ybbzr_gx,否,/,否,与被保证人关系,,,,,,,
,,,,受害人姓名,,,shr_xm,否,/,否,受害人姓名,,,,,,,
,,,,证人姓名,,,jzr_xm,否,/,否,证人姓名,,,,,,,
,,,,公安机关名称,,,gajmc,否,/,否,公安机关名称,,,,,,,
,,,,文书落款日期,,,lkrq,否,/,是,文书落款日期,,,,,,,
对单人,收取保证金通知书,文书字号是{文书文号}，正文内容是{犯罪嫌疑人姓名}，根据{适用法条}之规定，请持此通知书于交纳保证金截止日期{交纳保证金截止日期}之前到{办理银行名称}银行交纳取保候审保证金（大写）{保证金}元。文书落款日期为{文书落款日期}，{是否有文书公章}。,这是一份{人员类型}{文书指向人}的{文书名称},文书名称,是,否,wsmc,否,/,否,文书名称,,,,,,,
,,,,文书文号,,,wswh,否,/,否,文书文号,,,,,,,
,,,,犯罪嫌疑人姓名,,,fzxnr_xm,否,/,否,犯罪嫌疑人姓名,,,,,,,
,,,,适用法条,,,syft,否,/,否,适用法条,,,,,,,
,,,,交纳保证金截止日期,,,bzjjzrq,否,/,否,交纳保证金截止日期,,,,,,,
,,,,办理银行名称,,,blyh_mc,否,/,否,办理银行名称,,,,,,,
,,,,保证金,,,bzj,是,保证金,否,保证金,,,,,,,
,,,,是否有文书公章,,,统一特殊处理,,,,文书公章,,,,,,,
,,,,文书落款日期,,,wslkrq,否,/,是,文书落款日期,,,,,,,
对单人,被取保候审人义务告知书,"根据{适用法条}的规定，被取保候审人在取保候审期间应当遵守以下规定：
（一）未经执行机关批准不得离开所居住的市、县；
（二）住址、工作单位和联系方式发生变动的，在二十四小时以内向执行机关报告；
（三）在传讯的时候及时到案；
（四）不得以任何形式干扰证人作证；
（五）不得毁灭、伪造证据或者串供。
根据{适用法条}的规定：
（一）不得进入{与其犯罪活动等相关联的特定场所}等场所；
（二）不得与{与案件有关联的人员或者其他特定人员}会见或者通信；
（三）不得从事{与其犯罪行为等相关联的特定活动}等活动；
（四）将{出入境证件和驾驶证件}证件交执行机关保存。
被取保候审人在取保候审期间违反上述规定，已交纳保证金的，由公安机关没收部分或者全部保证金，并且区别情形，责令被取保候审人具结悔过，重新交纳保证金、提出保证人，或者监视居住，予以逮捕。
本告知书已于文书落款日期{文书落款日期}送达至被取保候审人：{被取保人签字姓名}",这是一份{人员类型}{文书指向人}的{文书名称},文书名称,否,否,wsmc,否,/,否,文书名称,TRUE,,,FALSE,请将这份材料中的被取保候审人、执行取保候审日期、取消取保候审原因、被取保候审人签名、被取保候审人签字日期提取出来。,,
,,,,适用法条,,,wswh,否,/,否,适用法条,,,,,,,
,,,,与其犯罪活动等相关联的特定场所,,,tdcs,否,/,否,与其犯罪活动等相关联的特定场所,,,,,,,
,,,,与案件有关联的人员或者其他特定人员,,,yajygl_ry_qttery,否,/,否,与案件有关联的人员或者其他特定人员,,,,,,,
,,,,与其犯罪行为等相关联的特定活动,,,tdhd,否,/,否,与其犯罪行为等相关联的特定活动,,,,,,,
,,,,出入境证件和驾驶证件,,,zj,否,/,否,出入境证件和驾驶证件,,,,,,,
,,,,被取保人签字姓名,,,bqbr_qzxm,否,/,是,被取保人签字姓名,TRUE,,,FALSE,,,
,,,,文书落款日期,,,wslkrq,否,/,是,文书落款日期,TRUE,,,FALSE,,,
对单人,解除取保候审决定书,文书字号是{文书文号}，正文内容是被取保候审人{被取保候审人}，性别{被取保候审人性别}，出生日期{被取保候审人出生日期}，住址{被取保候审人住址}。我局于取保候审时间{取保候审时间}起对其执行取保候审，现因{解除取保候审原因}，根据《中华人民共和国刑事诉讼法》第七十九条第二款之规定，决定予以解除。文书落款日期为{文书落款日期}，{是否有文书公章},这是一份{人员类型}{文书指向人}的{文书名称},文书名称,是,否,wsmc,否,/,否,文书名称,FALSE,,,FALSE,请将这份材料中的文书名称、文书文号、被取保人签字姓名、被取保人签字日期提取出来。,,
,,,,文书文号,,,wswh,否,/,否,文书文号,,,,,,,
,,,,被取保候审人,,,bqbhsr,否,/,否,被取保候审人,,,,,,,
,,,,被取保候审人性别,,,bqbhsr_xb,否,/,否,被取保候审人性别,,,,,,,
,,,,被取保候审人出生日期,,,bqbhsr_csrq,否,/,否,被取保候审人出生日期,,,,,,,
,,,,被取保候审人住址,,,bqbhsr_dz,否,/,否,被取保候审人住址,,,,,,,
,,,,取保候审日期,,,qbhsrq,是,取保候审日期,否,取保候审时间,TRUE,,,FALSE,,,
,,,,解除取保候审原因,,,jcqbhs_yy,否,/,否,解除取保候审原因,TRUE,,,FALSE,,,
,,,,适用法条,,,syft,否,/,否,适用法条,,,,,,,
,,,,文书落款日期,,,bqbhsr_qzrq,是,解除取保候审日期,是,文书落款日期,TRUE,,,FALSE,,,
,,,,是否有文书公章,,,统一特殊处理,,,,文书公章,,,,,,,
对单人,解除取保候审通知书,"通知被取保候人：
文书字号是{文书文号}，正文内容是{保证人}：我局于取保候审日期{取保候审日期}决定对犯罪嫌疑人{被取保候审人姓名}（性别{被取保候审人性别}，出生日期{被取保候审人出生年月}，住址{被取保候审人住址}）取保候审，现因{解除取保候审原因}，根据{适用法条}之规定，决定解除对其取保候审，并解除你的保证义务。{是否有文书公章}，文书落款日期为{文书落款日期}
通知取保候审保证人：
文书字号是{文书文号}，正文内容是{公安机关名称}：我局于取保候审日期{取保候审日期}决定对犯罪嫌疑人{被取保候审人姓名}（性别{被取保候审人性别}，出生日期{被取保候审人出生日期}，住址{被取保候审人住址}）取保候审，现因{解除取保候审原因}，根据{适用法条}之规定，决定解除对其取保候审，并解除你的保证义务。{是否有文书公章}，文书落款日期为{文书落款日期}",这是一份{人员类型}{文书指向人}的{文书名称},文书名称,是,否,wsmc,否,/,否,文书名称,,,,,,,
,,,,文书文号,,,wswh,否,/,否,文书文号,,,,,,,
,,,,保证人,,,bzr,是,保证人,否,保证人,,,,,,,
,,,,取保候审日期,,,qbhsrq,是,取保候审日期,否,取保候审日期,,,,,,,
,,,,被取保候审人姓名,,,bqbhsr,否,/,否,被取保候审人姓名,,,,,,,
,,,,被取保候审人性别,,,bqbhsr_xb,否,/,否,被取保候审人性别,,,,,,,
,,,,被取保候审人出生年月,,,bqbhsr_csny,否,/,否,被取保候审人出生年月,,,,,,,
,,,,被取保候审人地址,,,bqbc_zz,否,/,否,被取保候审人地址,,,,,,,
,,,,解除取保候审原因,,,jcqbhs_yy,否,/,否,解除取保候审原因,,,,,,,
,,,,适用法条,,,syft,否,/,否,适用法条,,,,,,,
,,,,是否有文书公章,,,统一特殊处理,,,,文书公章,,,,,,,
,,,,文书落款日期,,,lkrq,否,/,是,文书落款日期,,,,,,,
对单人,退还保证金决定书,文书字号是{文书文号}，正文内容是被取保候审人{被取保候审人姓名}，性别{被取保候审人性别}，出生日期{被取保候审人出生日期}，住址{被取保候审人住址}。因被取保候审人在取保候审期间遵守有关规定，根据{适用法条}之规定，决定退还其交纳的取保候审保证金（大写）{保证金}元。请取保候审人持此决定书、交款凭证和本人身份证到{保证金领取单位}领取。{是否有文书公章}，文书落款日期为{文书落款日期},这是一份{人员类型}{文书指向人}的{文书名称},文书名称,是,否,wsmc,否,/,否,文书名称,,,,,,,
,,,,文书文号,,,wswh,否,/,否,文书文号,,,,,,,
,,,,被取保候审人姓名,,,bqbhr_xm,否,/,否,被取保候审人姓名,,,,,,,
,,,,被取保候审人性别,,,bqbhsr_xb,否,/,否,被取保候审人性别,,,,,,,
,,,,被取保候审人出生日期,,,bqbhsr_csrq,否,/,否,被取保候审人出生日期,,,,,,,
,,,,被取保候审人住址,,,bqbc_zz,否,/,否,被取保候审人住址,,,,,,,
,,,,适用法条,,,syft,否,/,否,适用法条,,,,,,,
,,,,保证金,,,bzj,是,保证金,否,保证金,,,,,,,
,,,,保证金领取单位,,,bzj_lqdw,否,/,否,保证金领取单位,,,,,,,
,,,,是否有文书公章,,,统一特殊处理,,,,文书公章,,,,,,,
,,,,文书落款日期,,,wslq_rq,否,/,是,文书落款日期,,,,,,,
对单人,没收保证金决定书,文书字号是{文书文号}，正文内容是被取保候审人{被取保候审人姓名}，性别{被取保候审人性别}，出生日期{被取保候审人出生日期}，住址{被取保候审人住址}，单位及职业{被取保候审人单位及职业}。因被取保候审人在取保候审期间{没收保证金原因}，根据{适用法条}之规定，决定没收其缴纳的取保候审保证金（大写）{保证金}元。如不服从本决定，被取保候审人可在收到本决定书之日起五日以内向{公安机关名称}申请复议一次。{是否有文书公章}，文书落款日期为{文书落款日期},这是一份{人员类型}{文书指向人}的{文书名称},文书名称,是,否,wsmc,否,/,否,文书名称,,,,,,,
,,,,文书文号,,,wswh,否,/,否,文书文号,,,,,,,
,,,,被取保候审人姓名,,,bqbhr_xm,否,/,否,被取保候审人姓名,,,,,,,
,,,,被取保候审人性别,,,bqbhsr_xb,否,/,否,被取保候审人性别,,,,,,,
,,,,被取保候审人出生日期,,,bqbhsr_csrq,否,/,否,被取保候审人出生日期,,,,,,,
,,,,被取保候审人住址,,,bqbc_zz,否,/,否,被取保候审人住址,,,,,,,
,,,,被取保候审人单位及职业,,,gzdw,否,/,否,被取保候审人单位及职业,,,,,,,
,,,,没收保证金原因,,,msbzjyy,否,/,否,没收保证金原因,,,,,,,
,,,,适用法条,,,syft,否,/,否,适用法条,,,,,,,
,,,,保证金,,,bzj,是,保证金,否,保证金,,,,,,,
,,,,公安机关名称,,,gajmc,否,/,否,公安机关名称,,,,,,,
,,,,是否有文书公章,,,统一特殊处理,,,,文书公章,,,,,,,
,,,,文书落款日期,,,wslkrq,否,/,是,文书落款日期,,,,,,,
对单人,退还保证金决通知书,文书字号是{文书文号}，正文内容是{保证金领取单位}：因被取保候审人{被取保候人姓名}（性别{被取保候审人性别}，出生日期{被取保候审人出生日期}，住址{被取保候审人住址}）在取保候审期间遵守有关规定，根据{适用法条}之规定，我局决定退还其交纳的取保候审保证金（大写）{保证金}元。请予以办理。{是否有文书公章}，文书落款日期为{文书落款日期},这是一份{人员类型}{文书指向人}的{文书名称},文书名称,是,否,wsmc,否,/,否,文书名称,,,,,,,
,,,,文书文号,,,wswh,否,/,否,文书文号,,,,,,,
,,,,被取保候审人姓名,,,bqbhsr,否,/,否,被取保候审人姓名,,,,,,,
,,,,被取保候审人性别,,,bqbhsr_xb,否,/,否,被取保候审人性别,,,,,,,
,,,,被取保候审人出生日期,,,bqbhsr_csrq,否,/,否,被取保候审人出生日期,,,,,,,
,,,,被取保候审人住址,,,bqbc_zz,否,/,否,被取保候审人住址,,,,,,,
,,,,适用法条,,,syft,否,/,否,适用法条,,,,,,,
,,,,保证金,,,bzj,是,保证金,否,保证金,,,,,,,
,,,,保证金领取单位,,,bzj_lqdw,否,/,否,保证金领取单位,,,,,,,
,,,,是否有文书公章,,,统一特殊处理,,,,文书公章,,,,,,,
,,,,文书落款日期,,,lkrq,否,/,是,文书落款日期,,,,,,,
对单人,没收保证金通知书,文书字号是{文书文号}，正文内容是{公安机关名称}：你单位同志没收被取保候审人{被取保候审人姓名}（性别{被取保候审人性别}，出生日期{被取保候审人出生日期}）的保证金（大写）{保证金}元，我单位已办理完毕。{是否有文书公章}，文书落款日期为{文书落款日期},这是一份{人员类型}{文书指向人}的{文书名称},文书名称,是,否,wsmc,否,/,否,文书名称,,,,,,,
,,,,文书文号,,,wswh,否,/,否,文书文号,,,,,,,
,,,,被取保候审人姓名,,,bqbhr_xm,否,/,否,被取保候审人姓名,,,,,,,
,,,,被取保候审人性别,,,bqbhsr_xb,否,/,否,被取保候审人性别,,,,,,,
,,,,被取保候审人出生日期,,,bqbhsr_csrq,否,/,否,被取保候审人出生日期,,,,,,,
,,,,保证金,,,bzj,是,保证金,否,保证金,,,,,,,
,,,,公安机关名称,,,gajmc,否,/,否,公安机关名称,,,,,,,
,,,,是否有文书公章,,,统一特殊处理,,,,文书公章,,,,,,,
,,,,文书落款日期,,,wslkrq,否,/,是,文书落款日期,,,,,,,
对单人,指定居所监视居住通知书,"文书字号是{文书文号}，正文内容是{监视居住人家属}：根据{适用法条}之规定,我局已于监视居住时间{监视居住的时间}，对涉嫌{案由}罪的{犯罪嫌疑人姓名}(性别{犯罪嫌疑人性别}，出生日期{犯罪嫌疑人出生日期}，住址{犯罪嫌疑人住址})执行指定居所监视居住。{是否有文书公章}，文书落款日期为{文书落款日期}，被监视居住人家属签字时间为{被监视居住人家属签字时间}",这是一份{人员类型}{文书指向人}的{文书名称},文书名称,是,否,wsmc,否,/,否,文书名称,,,,,,,
,,,,文书文号,,,wswh,否,/,否,文书文号,,,,,,,
,,,,监视居住人家属,,,bjsjzrjsqm,否,/,否,监视居住人家属,,,,,,,
,,,,适用法条,,,syft,否,/,否,适用法条,,,,,,,
,,,,监视居住时间,,,jsjzsj,是,监视居住日期,否,监视居住时间,,,,,,,
,,,,案由,,,ay,否,/,否,案由,,,,,,,
,,,,犯罪嫌疑人姓名,,,fzxyr_xm,否,/,否,犯罪嫌疑人姓名,,,,,,,
,,,,犯罪嫌疑人性别,,,xyr_xb,否,/,否,犯罪嫌疑人性别,,,,,,,
,,,,犯罪嫌疑人出生日期,,,fzxyr_csrq,否,/,否,犯罪嫌疑人出生日期,,,,,,,
,,,,犯罪嫌疑人住址,,,fzxyr_jzd,否,/,否,犯罪嫌疑人住址,,,,,,,
,,,,是否有文书公章,,,统一特殊处理,,,,文书公章,,,,,,,
,,,,文书落款日期,,,wslkrq,否,/,是,文书落款日期,,,,,,,
,,,,被监视居住人家属签字时间,,,bdpr_jsqzsj,否,/,是,被监视居住人家属签字时间,,,,,,,
对单人,解除监视居住通知书,文书字号是{文书文号}，正文内容是{公安机关名称}：我局于监视居住时间{监视居住时间}决定对犯罪嫌疑人（被监禁居住人姓名）（性别{被监禁居住人性别}，出生日期{被监禁居住人出生日期}，住址{监禁居住地址}），现因{解除监禁居住原因}，根据{适用法条}之规定，决定予以解除。{是否有文书公章}，文书落款日期为{文书落款日期},这是一份{人员类型}{文书指向人}的{文书名称},文书名称,是,否,wsmc,否,/,否,文书名称,,,,,,,
,,,,文书文号,,,wswh,否,/,否,文书文号,,,,,,,
,,,,公安机关名称,,,gajgmc,否,/,否,公安机关名称,,,,,,,
,,,,被监视居住人姓名,,,bqbhsr,否,/,否,被监视居住人姓名,,,,,,,
,,,,被监视居住人性别,,,bqbhsr_xb,否,/,否,被监视居住人性别,,,,,,,
,,,,被监视居住人出生日期,,,bqbhsr_csny,否,/,否,被监视居住人出生日期,,,,,,,
,,,,监视居住时间,,,qbhsrq,否,/,否,监视居住时间,,,,,,,
,,,,监禁居住地址,,,jjjz_dz,否,/,否,监禁居住地址,,,,,,,
,,,,解除监禁居住原因,,,yy,否,/,否,解除监禁居住原因,,,,,,,
,,,,适用法条,,,syft,否,/,否,适用法条,,,,,,,
,,,,是否有文书公章,,,统一特殊处理,,,,文书公章,,,,,,,
,,,,文书落款日期,,,lkrq,否,/,是,文书落款日期,,,,,,,
对单人,解除监视居住决定书,文书字号是{文书文号}，正文内容是{被监视居住人}，性别{被监视居住人性别}，出生日期{被监视居住人出生日期}，住址{被监视居住人住址}。我局于监视居住时间{监视居住时间}决定对其监视居住，现因{解除监视居住原因}，根据《中华人民共和国刑事诉讼法》第七十九条第二款之规定，现决定予以解除。{是否有文书公章}，文书落款日期为{文书落款日期},这是一份{人员类型}{文书指向人}的{文书名称},文书名称,是,否,wsmc,否,/,否,文书名称,FALSE,,,FALSE,请将这份材料中的被监视居住人、被监视居住日期、取消监视居住原因、被监视居住人签名、被监视居住人签字日期提取出来。,,
,,,,文书文号,,,wswh,否,/,否,文书文号,,,,,,,
,,,,被监视居住人,,,bjsjzr,否,/,否,被监视居住人,,,,,,,
,,,,被监视居住人性别,,,bjsjzr_xb,否,/,否,被监视居住人性别,,,,,,,
,,,,被监视居住人出生日期,,,bjsjzr_csrq,否,/,否,被监视居住人出生日期,,,,,,,
,,,,监视居住时间,,,jsjzsj,是,监视居住日期,否,监视居住时间,TRUE,,,FALSE,,,
,,,,解除监视居住原因,,,jcjjjz_yy,否,/,否,解除监视居住原因,TRUE,,,FALSE,,,
,,,,适用法条,,,syft,否,/,否,适用法条,,,,,,,
,,,,文书落款日期,,,bjsjzr_qzrq,是,解除监视居住日期,是,文书落款日期,TRUE,,,FALSE,,,
,,,,是否有文书公章,,,统一特殊处理,,,,文书公章,,,,,,,
对单人,监视居住决定书、执行通知书,"指定监视居住式：
文书字号是{文书文号}，正文内容是犯罪嫌疑人{嫌疑人姓名} ,性别{嫌疑人性别}，出生日期{嫌疑人出生日期}，住址{嫌疑人住址}。我局正在侦查{案件名称}，因{监视居住原因}，根据{适用法条}之规定，决定在{监视居住地址}对犯罪嫌疑人指定居所监视居住，由{负责执行单位}负责执行，监视居住期限从监视居住开始时间{监视居住开始时间}起算。
在监视居住期间，被监视居住人应当遵守下列规定：
一、未经执行机关枇准不得离开执行监视居住的处所；
二、未经执行机关批准不得会见他人或者通信；
三、在传讯的时候及时到案； 
四、不得以任何形式干扰证人作证；
五、不得毁灭、伪造证据或者串供；
六、将护照等出入境证件、身份证件、驾驶证件交执行机关保存。
如果被监视居住人违反以上规定，情节严重的，可以予以逮捕；需要予以逮捕的，可以先行拘留。
文书落款日期为{文书落款日期}。
本监视居住决定书于被监视居住人签字日期{被监视居住人签字日期}收到，{被监视居住人签名}签名并按手印{是否有捺印}，{是否有文书公章}。
犯罪嫌疑人固定住处监视居住式：
文书字号是{文书文号}，正文内容是犯罪嫌疑人{嫌疑人姓名} ,性别{嫌疑人性别}，出生日期{嫌疑人出生日期}，住址{嫌疑人住址}。我局正在侦查{案件名称}，因{监视居住原因}，采取监视居住措施更为适宜并且{嫌疑人姓名}在本市固定住处为{嫌疑人住址}，根据{适用法条}之规定，决定在{监视居住地址}对犯罪嫌疑人监视居住，由{负责执行单位}负责执行，监视居住期限从监视居住开始时间{监视居住开始时间}起算。
在监视居住期间，被监视居住人应当遵守下列规定：
一、未经执行机关枇准不得离开执行监视居住的处所；
二、未经执行机关批准不得会见他人或者通信；
三、在传讯的时候及时到案； 
四、不得以任何形式干扰证人作证；
五、不得毁灭、伪造证据或者串供；
六、将护照等出入境证件、身份证件、驾驶证件交执行机关保存。
如果被监视居住人违反以上规定，情节严重的，可以予以逮捕；需要予以逮捕的，可以先行拘留。
文书落款日期为{文书落款日期}。
本监视居住决定书于被监视居住人签字日期{被监视居住人签字日期}收到，{被监视居住人签名}签名并按手印{是否有捺印}，{是否有文书公章}。",这是一份{人员类型}{文书指向人}的{文书名称},文书名称,是,是,wsmc,否,/,否,文书名称,TRUE,,,FALSE,请将这份材料中的文书名称、文书文号、嫌疑人姓名、嫌疑人性别、嫌疑人出生日期、嫌疑人住址、适用法条、监视居住地址、监视居住类型、负责执行单位、文书生成日期、被监视居住人签名、被监视居住人签字日期提取出来。,,
,,,,文书文号,,,wswh,否,/,否,文书文号,TRUE,,,FALSE,,,
,,,,嫌疑人姓名,,,xyr_xm,否,/,否,嫌疑人姓名,TRUE,,,FALSE,,,
,,,,嫌疑人性别,,,xyr_xb,否,/,否,嫌疑人性别,TRUE,,,FALSE,,,
,,,,嫌疑人出生日期,,,xyr_csrq,否,/,否,嫌疑人出生日期,TRUE,,,FALSE,,,
,,,,案件名称,,,ajmc,否,/,否,案件名称,,,,,,,
,,,,监视居住原因,,,yy,否,/,否,监视居住原因,,,,,,,
,,,,嫌疑人住址,,,xyr_zz,否,/,否,嫌疑人住址,TRUE,,,FALSE,,,
,,,,适用法条,,,ftsy,否,/,否,适用法条,TRUE,,,FALSE,,,
,,,,监视居住地址,,,jsjzdd,否,/,否,监视居住地址,TRUE,,,FALSE,,,
,,,,监视居住类型,,,jsjzlx,否,/,否,监视居住类型,TRUE,,,FALSE,,,
,,,,负责执行单位,,,fzzxdw,否,/,否,负责执行单位,TRUE,,,FALSE,,,
,,,,监视居住开始时间,,,jsjzsj,是,监视居住日期,否,监视居住开始时间,,,,,,,
,,,,文书落款日期,,,wsscrq,否,/,是,文书落款日期,TRUE,,,FALSE,,,
,,,,被监视居住人签名,,,bjsjzr_qm,否,/,是,被监视居住人签名,TRUE,,,FALSE,,,
,,,,被监视居住人签字日期,,,bjsjzr_qzrq,否,/,是,被监视居住人签字日期,TRUE,,,FALSE,,,
,,,,是否有捺印,,,统一特殊处理,,,,被监视居住人捺印,,,,,,,
,,,,是否有文书公章,,,统一特殊处理,,,,文书公章,,,,,,,
对多人,提请批准逮捕书,"文书字号是{文书文号}，正文内容是
 [{犯罪嫌疑人姓名}，性别{犯罪嫌疑人性别}，出生日期{犯罪嫌疑人出生日期}，出生地{犯罪嫌疑人出生地}，身份证件种类{犯罪嫌疑人身份证件种类}及号码{犯罪嫌疑人身份证件号码}，民族{犯罪嫌疑人民族}，文化程度{犯罪嫌疑人文化程度}，{犯罪嫌疑人职业}或{犯罪嫌疑人工作单位及职务}，{犯罪嫌疑人居住地}，{犯罪嫌疑人政治面貌}，{前科劣迹}、{强制措施情况}。辩护律师{辩护律师姓名}。]
犯罪嫌疑人涉嫌{案件名称}一案，由{举报人姓名}举报(控告、移送)至我局。{案件受立案经过}
经依法侦查查明:{嫌疑人抓获经过}{犯罪事实}
认定上述事实的证据如下：{在案证据类型}
综上所述，犯罪嫌疑人[{犯罪嫌疑人姓名}]，其行为已触犯{适用法条}之规定涉嫌{涉嫌罪名}。依照《中华人民共和国刑事诉讼法》第八十一条、第八十七条之规定，犯罪嫌疑人{犯罪嫌疑人姓名}符合逮捕条件，特提请批准逮捕。
此致
{检察院名称}
{是否有文书公章}，文书落款日期为{文书落款日期}",这是一份{文书名称},文书名称,是,否,wsmc,否,/,否,文书名称,TRUE,,,FALSE,"请将这份材料中的文书名称、文书文号、人员基本信息、前科劣迹、强制措施情况、案件受立案经过、嫌疑人抓获经过、犯罪事实、在案证据类型、罪名适用法条、涉嫌罪名、提捕法条、文书生成日期提取出来。
#要求
1、人员基本信息、前科劣迹、强制措施情况要求采用表格展示，其中人员基本信息具体包括姓名、性别、出生日期、户籍、证件号码、民族、政治面貌、学历、职业、户籍地、现住地，要求输出的表格表头展示字段有：姓名、性别、出生日期、户籍、证件号码、民族、政治面貌、学历、职业、户籍地、现住地、前科劣迹、强制措施情况。如果涉及多人，请全部展示
2、犯罪事实请提取“经依法侦查查明”后面一段的文本内容。",,
,,,,文书文号,,,wswh,否,/,否,文书文号,TRUE,,,FALSE,,,
,,,,犯罪嫌疑人姓名,,,xm,否,/,否,犯罪嫌疑人姓名,TRUE,,,FALSE,,,
,,,,犯罪嫌疑人性别,,,xb,否,/,否,犯罪嫌疑人性别,TRUE,,,FALSE,,,
,,,,犯罪嫌疑人出生日期,,,csrq,否,/,否,犯罪嫌疑人出生日期,TRUE,,,FALSE,,,
,,,,犯罪嫌疑人出生地,,,csd,否,/,否,犯罪嫌疑人出生地,TRUE,,,FALSE,,,
,,,,犯罪嫌疑人身份证件种类,,,cyr_sfzj_zl,否,/,否,犯罪嫌疑人身份证件种类,TRUE,,,FALSE,,,
,,,,犯罪嫌疑人身份证件号码,,,zjhm,否,/,否,犯罪嫌疑人身份证件号码,TRUE,,,FALSE,,,
,,,,犯罪嫌疑人民族,,,mz,否,/,否,犯罪嫌疑人民族,,,,,,,
,,,,犯罪嫌疑人文化程度,,,xl,否,/,否,犯罪嫌疑人文化程度,TRUE,,,FALSE,,,
,,,,犯罪嫌疑人职业,,,zy,否,/,否,犯罪嫌疑人职业,TRUE,,,FALSE,,,
,,,,犯罪嫌疑人工作单位及职务,,,gzdw,否,/,否,犯罪嫌疑人工作单位及职务,TRUE,,,FALSE,,,
,,,,犯罪嫌疑人户籍地,,,hj,否,/,否,犯罪嫌疑人户籍地,TRUE,,,FALSE,,,
,,,,犯罪嫌疑人居住地,,,xzz,否,/,否,犯罪嫌疑人居住地,TRUE,,,FALSE,,,
,,,,犯罪嫌疑人政治面貌,,,zzmm,否,/,否,犯罪嫌疑人政治面貌,,,,,,,
,,,,前科劣迹,,,qklj,否,/,否,前科劣迹,TRUE,,,FALSE,,,
,,,,强制措施情况,,,qzcsqk,否,/,否,强制措施情况,TRUE,,,FALSE,,,
,,,,辩护律师姓名,,,bhlsxm,否,/,否,辩护律师姓名,,,,,,,
,,,,案件名称,,,ajmc,否,/,否,案件名称,,,,,,,
,,,,举报人姓名,,,jzr,否,/,否,举报人姓名,,,,,,,
,,,,案件受立案经过,,,aj_slajg,否,/,否,案件受立案经过,TRUE,,,FALSE,,,
,,,,嫌疑人抓获经过,,,xyr_zhjg,否,/,否,嫌疑人抓获经过,TRUE,,,FALSE,,,
,,,,犯罪事实,,,fzss,否,/,否,犯罪事实,TRUE,,,FALSE,,,
,,,,在案证据类型,,,zazjlx,否,/,否,在案证据类型,TRUE,,,FALSE,,,
,,,,涉嫌罪名,,,ftsy,否,/,否,涉嫌罪名,TRUE,,,FALSE,,,
,,,,适用法条,,,ftsy,否,/,否,适用法条,TRUE,,,FALSE,,,
,,,,检察院名称,,,jcy_mc,否,/,否,检察院名称,,,,,,,
,,,,是否有文书公章,,,统一特殊处理,,,,是否有文书公章,,,,,,,
,,,,文书落款日期,,,tqpzrq,是,提请批捕日期,是,文书落款日期,,,,,,,
对单人,不批准逮捕决定书,"文书字号是{文书文号}，正文内容是{公安局名称}：你局于提请批准逮捕日期{提请批准逮捕日期}以{文书文号}文书提请批准逮捕犯罪嫌疑人{犯罪嫌疑人姓名}，经本院审查认为：{不批准逮捕原因}，根据《中华人民共和国刑事诉讼法》第九十条的规定，决定不批准逮捕犯罪嫌疑人{犯罪嫌疑人姓名}。请依法立即执行，并在三日以内将执行情况通知本院。
文书落款日期为{文书落款日期}，{是否有文书公章}",这是一份{人员类型}{文书指向人}的{文书名称},文书名称,是,否,wsmc,否,/,否,文书名称,TRUE,,,FALSE,请将这份材料中的文书名称、文书文号、提捕时间、提捕文号、不批准逮捕原因提取出来。,,
,,,,文书文号,,,wswh,否,/,否,文书文号,TRUE,,,FALSE,,,
,,,,公安局名称,,,gajmc,否,/,否,公安局名称,FALSE,,,FALSE,,,
,,,,提请批准逮捕日期,,,lkrq,否,/,否,提请批准逮捕日期,FALSE,,,FALSE,,,
,,,,犯罪嫌疑人姓名,,,xyr_xm,否,/,否,犯罪嫌疑人姓名,FALSE,,,FALSE,,,
,,,,不批准逮捕原因,,,bpzdpyy,否,/,否,不批准逮捕原因,,,,,,,
,,,,文书落款日期,,,wslkrq,否,/,是,文书落款日期,,,,,,,
,,,,是否有文书公章,,,统一特殊处理,,,,公章情况,,,,,,,
对单人,逮捕证,"文书字号是{文书文号}，正文内容是根据《中华人民共和国刑事诉讼法》第八十条之规定，经{批捕单位名称}批准，兹由我局对{涉嫌罪名}的{被逮捕人}（性别{被逮捕人性别}，出生日期是{被逮捕人出生日期}，住址是{被逮捕人住址}）执行逮捕，送{被逮捕人羁押单位}羁押，执行逮捕时间为{文书落款日期}。
本逮捕证于宣布逮捕时间{宣布逮捕时间}向被逮捕人宣布，被逮捕人签名{被逮捕人签名}并捺印{是否有捺印}。
被逮捕人{被逮捕人}已于被逮捕人送所时间{被逮捕人送所时间}送{被逮捕人羁押单位}羁押，接收民警{接收民警签名}，{是否有文书公章}",这是一份{人员类型}{文书指向人}的{文书名称},文书名称,是,是,wsmc,否,/,否,文书名称,TRUE,,,FALSE,请将这份材料中的文书名称、文书文号、逮捕法条、批捕单位名称、批捕涉嫌罪名、被逮捕人、宣布逮捕时间、被逮捕人签名、被逮捕人送所时间提取出来。,,
,,,,文书文号,,,wswh,否,/,否,文书文号,TRUE,,,FALSE,,,
,,,,逮捕法条,,,dpft,否,/,否,逮捕法条,TRUE,,,FALSE,,,
,,,,批捕单位名称,,,ppdwmc,否,/,否,批捕单位名称,TRUE,,,FALSE,,,
,,,,涉嫌罪名,,,ppsxzm,否,/,否,涉嫌罪名,TRUE,,,FALSE,,,
,,,,被逮捕人,,,bdbr,否,/,否,被逮捕人,TRUE,,,FALSE,,,
,,,,被逮捕人性别,,,bdpr_xb,否,/,否,被逮捕人性别,,,,,,,
,,,,被逮捕人出生日期,,,bdpr_csrq,否,/,否,被逮捕人出生日期,,,,,,,
,,,,被逮捕人住址,,,bdpr_zz,否,/,否,被逮捕人住址,,,,,,,
,,,,被逮捕人羁押单位,,,bdpr_jydw,否,/,否,被逮捕人羁押单位,,,,,,,
,,,,文书落款日期,,,wslksj,否,/,否,文书开具时间,,,,,,,
,,,,宣布逮捕时间,,,xbdpsj,是,执行逮捕时间,是,宣布逮捕时间,TRUE,,,FALSE,,,
,,,,被逮捕人签名,,,bdpr_qm,否,/,是,被逮捕人签名,,,,,,,
,,,,被逮捕人送所时间,,,bdpr_sssj,是,逮捕送押时间,是,被逮捕人送所时间,TRUE,,,FALSE,,,
,,,,接收民警签名,,,jsmjqm,否,/,是,接收民警签名,,,,,,,
,,,,是否有捺印,,,统一特殊处理,,,,被逮捕人捺印,,,,,,,
,,,,/,,,,否,逮捕释放日期,是,/,,,,,,,
,,,,/,,,,否,提请批捕日期,是,/,,,,,,,
,,,,是否有文书公章,,,统一特殊处理,,,,文书公章,,,,,,,
对单人,逮捕通知书,"文书字号是{文书文号}，正文内容是{被逮捕人姓名}：经{批捕单位名称}批准，我局于逮捕时间{逮捕时间}对涉嫌{涉嫌罪名}的{被逮捕人姓名}执行逮捕，现羁押在{羁押地点}看守所。文书落款日期为{文书落款日期}
该通知书已于通知被逮捕人家属时间{被逮捕人家属签字时间}送达至被逮捕人家属，{被逮捕人家属签名}，{是否有文书公章}",这是一份{人员类型}{文书指向人}的{文书名称},文书名称,是,否,wsmc,否,/,否,文书名称,TRUE,,,FALSE,请将这份材料中的文书名称、文书文号、被逮捕人姓名、涉嫌罪名、被逮捕人家属签名、被逮捕人家属签字时间提取出来。,,
,,,,文书文号,,,wswh,否,/,否,文书文号,TRUE,,,FALSE,,,
,,,,被逮捕人姓名,,,bdbr_xm,否,/,否,被逮捕人姓名,TRUE,,,FALSE,,,
,,,,涉嫌罪名,,,sxzm,否,/,否,涉嫌罪名,TRUE,,,FALSE,,,
,,,,羁押地点,,,jydd,否,/,否,羁押地点,,,,,,,
,,,,文书落款日期,,,wslksj,否,/,是,文书落款时间,,,,,,,
,,,,被逮捕人家属签名,,,bdpr_jsqm,否,/,是,被逮捕人家属签名,TRUE,,,FALSE,,,
,,,,被逮捕人家属签字时间,,,bdpr_jsqzsj,是,逮捕通知家属时间,是,被逮捕人家属签字时间,TRUE,,,FALSE,,,
,,,,批捕单位名称,,,pbdw_mc,否,/,否,批捕单位名称,,,,,,,
,,,,逮捕时间,,,ddsj,否,/,否,逮捕时间,,,,,,,
,,,,是否有文书公章,,,统一特殊处理,,,,文书公章,,,,,,,
对单人,变更逮捕措施通知书√,"文书字号是{文书文号}，正文内容是{批捕单位名称}：你院于批准逮捕时间{批准逮捕时间}以{批准逮捕决定书文书文号}决定书批准逮捕的犯罪嫌疑人{被逮捕人姓名}已于逮捕时间{逮捕时间}被执行逮捕，现因{变更逮捕措施原因}，根据{适用法条}之规定，我局决定于变更逮捕措施时间{变更逮捕措施时间}对其变更强制措施为{变更后的强制措施}。{是否有文书公章}，文书落款日期为 {文书落款日期}
该份通知书已于检察院收件人签名时间{检察院收件人签名时间}送达至检察院，{检察院收件人签名}",这是一份{人员类型}{文书指向人}的{文书名称},文书名称,是,否,wsmc,否,/,否,文书名称,,,,,,,
,,,,文书文号,,,wswh,否,/,否,文书文号,,,,,,,
,,,,批捕单位名称,,,pbdw_mc,否,/,否,批捕单位名称,,,,,,,
,,,,批准逮捕时间,,,pzdbsj,否,/,否,批准逮捕时间,,,,,,,
,,,,批准逮捕决定书文书文号,,,pzddjds_wswh,否,/,否,批准逮捕决定书文书文号,,,,,,,
,,,,被逮捕人姓名,,,bdbr_xm,否,/,否,被逮捕人姓名,,,,,,,
,,,,逮捕时间,,,dbsj,否,/,否,逮捕时间,,,,,,,
,,,,变更逮捕措施原因,,,bgdd_csyy,否,/,否,变更逮捕措施原因,,,,,,,
,,,,适用法条,,,syft,否,/,否,适用法条,,,,,,,
,,,,变更逮捕措施时间,,,bgdd_cssj,否,/,否,变更逮捕措施时间,,,,,,,
,,,,变更后的强制措施,,,bgh_qzcs,否,/,否,变更后的强制措施,,,,,,,
,,,,是否有文书公章,,,统一特殊处理,,,,文书公章,,,,,,,
,,,,文书落款日期,,,wslksj,否,/,是,文书落款时间,,,,,,,
,,,,检察院收件人签名时间,,,jcy_sjr_qmsj,否,/,是,检察院收件人签名时间,,,,,,,
,,,,检察院收件人签名,,,jcy_sjr_qm,否,/,是,检察院收件人签名,,,,,,,
对单人,变更羁押期限通知书,文书字号是{文书文号}，正文内容是{羁押单位}：我局正在办理的{案件名称}，涉案犯罪嫌疑人{嫌疑人姓名}（性别{嫌疑人性别}，{嫌疑人出生日期}出生），因{变更羁押期限原因}根据{适用法条}之规定，经{公安机关名称}决定{变更羁押期限类型}。现羁押期限自羁押开始日期{羁押开始日期}至羁押结束日期{羁押结束日期}。文书落款日期为{文书落款日期}，{是否有文书公章},这是一份{人员类型}{文书指向人}的{文书名称},文书名称,是,否,wsmc,否,/,否,文书名称,TRUE,,,FALSE,请将这份材料中的文书名称、文书文号、嫌疑人姓名、嫌疑人性别、嫌疑人出生日期、适用法条、羁押类型、羁押开始时间、羁押结束时间、文书制作时间、看守所盖章时间提取出来。,,
,,,,文书文号,,,wswh,否,/,否,文书文号,TRUE,,,FALSE,,,
,,,,羁押单位,,,jydw,否,/,否,羁押单位,,,,,,,
,,,,案件名称,,,ajmc,否,/,否,案件名称,,,,,,,
,,,,嫌疑人姓名,,,xyr_xm,否,/,否,嫌疑人姓名,TRUE,,,FALSE,,,
,,,,嫌疑人性别,,,xyr_xb,否,/,否,嫌疑人性别,TRUE,,,FALSE,,,
,,,,嫌疑人出生日期,,,xyr_csrq,否,/,否,嫌疑人出生日期,TRUE,,,FALSE,,,
,,,,变更羁押期限原因,,,bgjy_qlys,否,/,否,变更羁押期限原因,,,,,,,
,,,,适用法条,,,ftsy,否,/,否,适用法条,TRUE,,,FALSE,,,
,,,,公安机关名称,,,gajmc,否,/,否,公安机关名称,,,,,,,
,,,,变更羁押期限类型,,,jylx,是,变更类型,否,变更羁押期限类型,,,,,,,
,,,,羁押开始日期,,,jykssj,是,羁押开始日期,否,羁押开始日期,TRUE,,,FALSE,,,
,,,,羁押结束日期,,,jyjssj,是,羁押结束日期,否,羁押结束日期,TRUE,,,FALSE,,,
,,,,文书落款日期,,,wslkrq,否,/,是,文书落款日期,TRUE,,,FALSE,,,
,,,,是否有文书公章,,,统一特殊处理,,,,文书公章,,,,,,,
对单人,换押证,文书字号是{文书文号}，正文内容是犯罪嫌疑人{犯罪嫌疑人姓名}，性别{犯罪嫌疑人性别}，{犯罪嫌疑人出生日期}出生，涉嫌{案由}（同案人{同案人姓名}）。现羁押于{犯罪嫌疑人羁押处所}。现该案因{换押原因}于换押日期{换押日期}以{换押证的送达形式}形式移送{办案机关}。接收民警：{接收民警姓名}，看守所接收时间{看守所接收时间}； 接收机关收件人：{接收机关收件人姓名}，移送机关接收时间{移送机关接收时间}{是否有文书公章},这是一份{人员类型}{文书指向人}的{文书名称},文书名称,是,否,wsmc,/,/,否,文书名称,,,,,,,
,,,,文书文号,,,wswh,/,/,否,文书文号,,,,,,,
,,,,犯罪嫌疑人姓名,,,fzxyr_xm,/,/,否,犯罪嫌疑人姓名,,,,,,,
,,,,犯罪嫌疑人性别,,,xyr_xb,/,/,否,犯罪嫌疑人性别,,,,,,,
,,,,犯罪嫌疑人出生日期,,,fzxyr_csrq,/,/,否,犯罪嫌疑人出生日期,,,,,,,
,,,,案由,,,ay,/,/,否,案由,,,,,,,
,,,,同案人姓名,,,tar_xm,/,/,否,同案人姓名,,,,,,,
,,,,犯罪嫌疑人羁押处所,,,fzxyr_jycs,/,/,否,犯罪嫌疑人羁押处所,,,,,,,
,,,,换押原因,,,hyyy,/,/,否,换押原因,,,,,,,
,,,,换押日期,,,hyrq,/,/,否,换押日期,,,,,,,
,,,,案由,,,ay,/,/,否,案由,,,,,,,
,,,,换押证的送达形式,,,hyz_sdxs,/,/,否,换押证的送达形式,,,,,,,
,,,,办案机关,,,bajg,/,/,否,办案机关,,,,,,,
,,,,接收民警姓名,,,jpmjxm,/,/,是,接收民警姓名,,,,,,,
,,,,看守所接收时间,,,kssjssj,/,/,是,看守所接收时间,,,,,,,
,,,,接收机关收件人姓名,,,jsjg_sjr_xm,/,/,是,接收机关收件人姓名,,,,,,,
,,,,移送机关接收时间,,,jssj,/,/,是,移送机关接收时间,,,,,,,
,,,,是否有文书公章,,,统一特殊处理,,,,文书公章,,,,,,,
对单人,犯罪嫌疑人诉讼权利义务告知书,正文内容是根据《中华人民共和国刑事诉讼法》规定的在公安机关对案件进行侦查期间，犯罪嫌疑人的诉讼权利和义务共计15条。犯罪嫌疑人是{签字人姓名}，权利义务告知日期是签字人签字时间{签字人签字时间}。,这是一份{人员类型}{文书指向人}的{文书名称},文书名称,否,否,wsmc,是,权利义务告知书,否,权利义务告知书,FALSE,,,FALSE,请将这份材料中的文书名称、签字人姓名、签字人签字时间提取出来。,,
,,,,/,,,,是,权利人,/,/,,,,,,,
,,,,签字人姓名,,,qzr_xm,是,签字人（展示截图）,,权利人,FALSE,,,FALSE,,,权利人=签字人
,,,,签字人签字时间,,,qzr_qzsj,是,签字日期,是,签字人签字时间,TRUE,,,FALSE,,,
对单人,被害人诉讼权利义务告知书,正文内容是根据《中华人民共和国刑事诉讼法》规定的在公安机关对案件进行侦查期间，被害人的权利和义务共计11条。被害人是{签字人姓名}，权利义务告知日期是签字人签字时间{签字人签字时间}。,这是一份{人员类型}{文书指向人}的{文书名称},文书名称,否,否,wsmc,是,权利义务告知书,否,权利义务告知书,FALSE,,,FALSE,请将这份材料中的文书名称、签字人姓名、签字人签字时间提取出来。,,
,,,,/,,,,是,权利人,/,/,,,,,,,
,,,,签字人姓名,,,qzr_xm,是,签字人（展示截图）,,权利人,FALSE,,,FALSE,,,权利人=签字人
,,,,签字人签字时间,,,qzr_qzsj,是,签字日期,是,签字人签字时间,TRUE,,,FALSE,,,
对单人,证人诉讼权利义务告知书,正文内容是根据《中华人民共和国刑事诉讼法》规定的在公安机关对案件进行侦查期间，证人的权利和义务共计7条。证人是{签字人姓名}，权利义务告知日期是签字人签字时间{签字人签字时间}。,这是一份{人员类型}{文书指向人}的{文书名称},文书名称,否,否,wsmc,是,权利义务告知书,否,权利义务告知书,FALSE,,,FALSE,请将这份材料中的文书名称、签字人姓名、签字人签字时间提取出来。,,
,,,,/,,,,是,权利人,/,/,,,,,,,
,,,,签字人姓名,,,qzr_xm,是,签字人（展示截图）,,权利人,FALSE,,,FALSE,,,权利人=签字人
,,,,签字人签字时间,,,qzr_qzsj,是,签字日期,是,签字人签字时间,TRUE,,,FALSE,,,
对单人,提供法律援助通知书,"羁押处所式：
文书字号是{文书文号}，正文内容是{法律援助机构名称}：我局办理的{案件名称}，犯罪嫌疑人{被援助人}（性别{被援助人性别}，出生日期{被援助人出生日期}）因其{法律援助对象类型}，符合{适用法条}规定的情形，请依法指派律师为其提供辩护。犯罪嫌疑人羁押处所：{犯罪嫌疑人羁押处所地址}
联系人、联系方式：{联系人姓名}电话：{联系人电话号码}
{是否有文书公章}，文书落款日期为{文书落款日期}
该份通知书已于法律援助机构收件人签字日期{法律援助机构收件人签字日期}送达至法律援助机构收件人：{法律援助机构收件人签名}
住所式：
文书字号是{文书文号}，正文内容是{法律援助机构名称}：我局办理的{案件名称}，犯罪嫌疑人{被援助人}（性别{被援助人性别}，出生日期{被援助人出生日期}）因其{法律援助对象类型}，符合{适用法条}规定的情形，请依法指派律师为其提供辩护。犯罪嫌疑人住所：{犯罪嫌疑人住所地址}
联系人、联系方式：{联系人姓名}电话：{联系人电话号码}
{是否有文书公章}，文书落款日期为{文书落款日期}
该份通知书已于法律援助机构收件人签字日期{法律援助机构收件人签字日期}送达至法律援助机构收件人：{法律援助机构收件人签名}",这是一份{人员类型}{文书指向人}的{文书名称},文书名称,是,否,wsmc,否,/,否,文书名称,TRUE,,,FALSE,请将这份材料中的文书名称、文书文号、被援助人、援助时间提取出来。,,
,,,,文书文号,,,wswh,否,/,否,文书文号,TRUE,,,FALSE,,,
,,,,被援助人,,,byzr,是,被援助人,否,被援助人,TRUE,,,FALSE,,,
,,,,法律援助机构名称,,,flyzjg_mc,否,/,否,法律援助机构名称,,,,,,,
,,,,案件名称,,,ajmc,否,/,否,案件名称,,,,,,,
,,,,被援助人性别,,,byzr_xb,否,/,否,被援助人性别,,,,,,,
,,,,被援助人出生日期,,,byzr_csrq,否,/,否,被援助人出生日期,,,,,,,
,,,,法律援助对象类型,,,dxlx,否,/,否,法律援助对象类型,,,,,,,
,,,,适用法条,,,syft,否,/,否,适用法条,,,,,,,
,,,,犯罪嫌疑人住所地址,,,zz,否,/,否,犯罪嫌疑人住所地址,,,,,,,
,,,,犯罪嫌疑人羁押处所地址,,,xyr_jyc,否,/,否,犯罪嫌疑人羁押处所地址,,,,,,,
,,,,联系人姓名,,,lxr_xm,否,/,否,联系人姓名,,,,,,,
,,,,联系人电话号码,,,lxr_dhhm,否,/,否,联系人电话号码,,,,,,,
,,,,文书落款日期,,,yzsj,是,援助时间,是,文书落款日期,,,,,,,
,,,,法律援助机构收件人签字日期,,,flyzjg_sjr_qzrq,否,/,是,法律援助机构收件人签字日期,,,,,,,
,,,,法律援助机构收件人签名,,,flyzjg_sjr_qm,否,/,是,法律援助机构收件人签名,,,,,,,
,,,,是否有文书公章,,,统一特殊处理,,,,文书公章,,,,,,,
对单人,未成年人法定代理人到场通知书,"讯问式：
文书字号是{文书文号}，正文内容是{法定代理人或者其他人员}：我局定于讯问开始时间{讯问开始时间}在{讯问地点}对{被讯问未成年人}进行讯问。因其系未成年人，根据{适用法条}之规定，通知你届时到场。{文书落款日期}。该份通知书已于法定代理人或其他人员签字时间{法定代理人或其他人员签字时间}送达至法定代理人或者其他人员：{法定代理人或其他人员签字}，通知其他人员到场的，注明原因。{是否有文书公章}
询问式：
文书字号是{文书文号}，正文内容是{法定代理人或者其他人员}：我局定于询问开始时间{询问开始时间}在{询问地点}对{被询问未成年人}进行讯问。因其系未成年人，根据{适用法条}之规定，通知你届时到场。{文书落款日期}。该份通知书已于法定代理人或其他人员签字时间{法定代理人或其他人员签字时间}送达至法定代理人或者其他人员：{法定代理人或其他人员签字}，通知其他人员到场的，注明原因。{是否有文书公章}",这是一份{人员类型}{文书指向人}的{文书名称},文书名称,是,否,wsmc,否,/,否,文书名称,TRUE,,,FALSE,请将这份材料中的文书名称、文书文号、法定代理人、讯问开始时间、讯问地点、被讯问人、适用法条、法定代理人签字、法定代理人签字时间提取出来。,,
,,,,文书文号,,,wswh,否,/,否,文书文号,TRUE,,,FALSE,,,
,,,,法定代理人或者其他人员,,,fddlr,是,到场人,否,法定代理人或者其他人员,TRUE,,,FALSE,,,
,,,,法定代理人签字时间,,,fddlr_qzsj,是,到场时间,否,/,,,,,,,
,,,,讯问开始时间,,,xunwkssj,否,/,否,讯问开始时间,TRUE,,,FALSE,,,
,,,,讯问地点,,,xunwdd,否,/,否,讯问地点,TRUE,,,FALSE,,,
,,,,被讯问未成年人,,,bxunwr,否,/,否,被讯问未成年人,TRUE,,,FALSE,,,
,,,,询问开始时间,,,xunwkssj,否,/,否,询问开始时间,,,,,,,
,,,,询问地点,,,xunwdd,否,/,否,询问地点,,,,,,,
,,,,被询问未成年人,,,bxunwr,否,/,否,被询问未成年人,,,,,,,
,,,,适用法条,,,syft,否,/,否,适用法条,TRUE,,,FALSE,,,
,,,,文书落款日期,,,wslksj,否,/,是,文书落款时间,,,,,,,
,,,,法定代理人或其他人员签字,,,fddlr_qz,否,/,是,法定代理人或其他人员签字,TRUE,,,FALSE,,,
,,,,法定代理人或其他人员签字时间,,,jsqzsj,否,/,是,法定代理人或其他人员签字时间,TRUE,,,FALSE,,,
,,,,是否有文书公章,,,统一特殊处理,,,,文书公章,,,,,,,
对单人,接收证据材料清单,文书字号是{文书文号}，正文内容是{编号}{名称}{数量}{特征}{备注} ，提交人：{提交人姓名}，保管人{保管人姓名}，办案人{办案人姓名}，文书接收日期为{接收日期}，{是否有文书公章},这是一份{人员类型}{文书指向人}的{文书名称},文书名称,是,否,wsmc,否,/,否,文书名称,,,,,,,
,,,,文书文号,,,wswh,否,/,否,文书文号,,,,,,,
,,,,编号,,,wpbh,否,/,否,编号,,,,,,,
,,,,名称,,,wpmc,否,/,否,名称,,,,,,,
,,,,数量,,,wpsl,否,/,否,数量,,,,,,,
,,,,特征,,,wptz,否,/,否,特征,,,,,,,
,,,,备注,,,wp_bz,否,/,否,备注,,,,,,,
,,,,提交人姓名,,,tjr_xm,否,/,是,提交人姓名,,,,,,,
,,,,保管人姓名,,,bgr_xm,否,/,是,保管人姓名,,,,,,,
,,,,是否有文书公章,,,统一特殊处理,,,,文书公章,,,,,,,
,,,,办案人姓名,,,bar_xm,否,/,是,办案人姓名,,,,,,,
,,,,接收日期,,,jsrq,否,/,是,接收日期,,,,,,,
对单人,终止侦查决定书,文书字号是{文书文号}，正文内容是姓名{犯罪嫌疑人姓名}，性别{犯罪嫌疑人姓名}，出生日期{犯罪嫌疑人出生日期}，住址{犯罪嫌疑人居住地}，单位及职业{犯罪嫌疑人单位及职业}。我局办理的{案件名称}案，经查明{终止对犯罪嫌疑人侦查的原因}，根据{适用法条}之规定，先决定终止对{犯罪嫌疑人姓名}的侦查。{是否有文书公章}，终止侦查时间为{文书落款日期}，原犯罪嫌疑人或其家属签名为{原犯罪嫌疑人或其家属签名}，决定书签收时间为{决定书签收时间},这是一份{人员类型}{文书指向人}的{文书名称},文书名称,是,否,wsmc,否,/,否,文书名称,,,,,,,
,,,,文书文号,,,wswh,否,/,否,文书文号,,,,,,,
,,,,犯罪嫌疑人姓名,,,fzxyr_xm,否,/,否,犯罪嫌疑人姓名,,,,,,,
,,,,犯罪嫌疑人出生日期,,,fzxyr_csrq,否,/,否,犯罪嫌疑人出生日期,,,,,,,
,,,,犯罪嫌疑人居住地,,,fzxyr_jzd,否,/,否,犯罪嫌疑人居住地,,,,,,,
,,,,犯罪嫌疑人单位及职业,,,fzxyr_dwjzy,否,/,否,犯罪嫌疑人单位及职业,,,,,,,
,,,,案件名称,,,ajmc,否,/,否,案件名称,,,,,,,
,,,,终止对犯罪嫌疑人侦查的原因,,,zzdfzxyr_zcyy,否,/,否,终止对犯罪嫌疑人侦查的原因,,,,,,,
,,,,适用法条,,,syft,否,/,否,适用法条,,,,,,,
,,,,是否有文书公章,,,统一特殊处理,,,,文书公章,,,,,,,
,,,,文书落款日期,,,wslkrq,否,/,是,文书落款日期,,,,,,,
,,,,原犯罪嫌疑人或其家属签名,,,jsqmxm,否,/,是,原犯罪嫌疑人或其家属签名,,,,,,,
,,,,决定书签收时间,,,jsqzsj,否,/,是,决定书签收时间,,,,,,,
对案,办案协作函,文书字号是{文书文号}，正文内容是{公安机关名称}：我局因{任务详情}，请予以协助。前往执任务侦查人员姓名、单位、职务：{侦查员基本情况}，{是否有文书公章}，文书落款日期为{文书落款日期},这是一份{文书名称},文书名称,是,否,wsmc,否,/,否,文书名称,,,,,,,
,,,,文书文号,,,documentNumber,是,办案协作函文号,否,文书文号,,,,,,,
,,,,公安机关名称,,,collaboratingUnit,是,协作地单位,否,公安机关名称,,,,,,,
,,,,任务详情,,,taskDetails,是,任务详情,否,任务详情,,,,,,,
,,,,侦查员基本情况,,,investigatorInfo,是,侦查员基本情况,否,侦查员基本情况,,,,,,,
,,,,是否有文书公章,,,统一特殊处理,,,,文书公章,,,,,,,
,,,,文书落款日期,,,collaborationDate,是,协作日期,是,文书落款日期,,,,,,,
对案,呈请立案报告书,审批时间是{审批时间}，呈请事实是{呈请事实}，法律条款是{法律条款}，决定内容是{决定内容}，文书落款日期为{文书落款日期},这是一份{文书名称},文书名称,否,否,wsmc,否,/,否,文书名称,,,,,,,
,,,,审批时间,,,shr_qmrq,否,/,否,审批时间,,,,,,,
,,,,呈请事实,,,wfss,否,/,否,呈请事实,,,,,,,
,,,,法律条款,,,syft,否,/,否,法律条款,,,,,,,
,,,,决定内容,,,jdnr,否,/,否,决定内容,,,,,,,
,,,,文书落款日期,,,wslkrq,否,/,是,文书落款日期,,,,,,,
对案,指定管辖决定书,文书字号是{文书文号}，正文内容是经过{案件名称}的管辖问题进行审查，根据{适用法条}之规定，决定由{指定公安机关名称}管辖。请{移送公安机关名称}在一定期限内将与案件有关的证据材料移送该公安机关。{是否有文书公章}，文书落款日期为{文书落款日期},这是一份{文书名称},文书名称,是,否,wsmc,否,/,否,文书名称,,,,,,,
,,,,文书文号,,,wswh,否,/,否,文书文号,,,,,,,
,,,,案件名称,,,ajmc,否,/,否,案件名称,,,,,,,
,,,,适用法条,,,syft,否,/,否,适用法条,,,,,,,
,,,,指定公安机关名称,,,pbdw_mc,否,/,否,指定公安机关名称,,,,,,,
,,,,移送公安机关名称,,,gajmc,否,/,否,移送公安机关名称,,,,,,,
,,,,是否有文书公章,,,统一特殊处理,,,,文书公章,,,,,,,
,,,,文书落款日期,,,wslkrq,否,/,是,文书落款日期,,,,,,,
对案,移送案件通知书,"交报案、控告、举报或移送单位式通知书：
文书字号是{文书文号}，正文内容是经过{案件名称}进行审查，认为{移送案件原因}，根据{适用法条}之规定，决定将该案移送{公安机关名称}管辖。{是否有文书公章}，文书落款日期为{文书落款日期}
交送往单位式通知书：
文书字号是{文书文号}，正文内容是{公安机关名称}：经过{案件名称}进行审查，认为{移送案件原因}，根据{适用法条}之规定，决定将该案移送你单位管辖。{是否有文书公章}，文书落款日期为{文书落款日期}",这是一份{文书名称},文书名称,是,否,wsmc,否,/,否,文书名称,,,,,,,
,,,,文书文号,,,wswh,否,/,否,文书文号,,,,,,,
,,,,案件名称,,,ajmc,否,/,否,案件名称,,,,,,,
,,,,移送案件原因,,,ysaj_yy,否,/,否,移送案件原因,,,,,,,
,,,,适用法条,,,syft,否,/,否,适用法条,,,,,,,
,,,,公安机关名称,,,gajmc,否,/,否,公安机关名称,,,,,,,
,,,,是否有文书公章,,,统一特殊处理,,,,文书公章,,,,,,,
,,,,文书落款日期,,,wslkrq,否,/,是,文书落款日期,,,,,,,
对单人,询问通知书,文书字号是{文书文号}，正文内容是{被询问人}：我局正在办理{案件名称}，为查明案件事实，根据{适用法条}之规定，通知你于接受询问时间{接受询问时间}到{接受询问地址}接受询问。文书落款日期为{文书落款日期}。该份通知书已于被询问人签字时间{被询问人签字时间}送达至被询问人{被询问人签名},这是一份{人员类型}{文书指向人}的{文书名称},文书名称,否,否,wsmc,否,/,否,文书名称,TRUE,,,FALSE,请将这份材料中的文书名称、文书文号、案件名称、适用法条、接受询问时间、接受询问地址、被询问人签名、被询问人签字时间提取出来。,,
,,,,文书文号,,,wswh,否,/,否,文书文号,TRUE,,,FALSE,,,
,,,,被询问人,,,bxunwr_xm,否,/,否,被询问人,TRUE,,,FALSE,,,页签显示
,,,,案件名称,,,ajmc,否,/,否,案件名称,TRUE,,,FALSE,,,
,,,,适用法条,,,ftsy,否,/,否,适用法条,TRUE,,,FALSE,,,
,,,,接受询问时间,,,jsxwsj,否,/,否,接受询问时间,TRUE,,,FALSE,,,
,,,,接受询问地址,,,jsxwdz,否,/,否,接受询问地址,TRUE,,,FALSE,,,
,,,,文书落款日期,,,wszzsj,否,/,是,文书落款日期,,,,,,,
,,,,被询问人签名,,,bxunwr_qm,否,/,是,被询问人签名,TRUE,,,FALSE,,,
,,,,被询问人签字时间,,,bxunwr_zqsj,否,/,是,被询问人签字时间,TRUE,,,FALSE,,,
对单人,讯问笔录,"正文内容是讯问开始时间{讯问开始时间}至讯问结束时间{讯问结束时间}，地点{讯问地点}，讯问人{讯问人姓名}，记录人{记录人姓名}，被讯问人{姓名}，{性别}，{出生日期}出生于{出生地}，曾用名{曾用名}，别名{别名}，绰号{绰号}。证件类型 {证件类型}，证件号码{证件号码}，{民族}，{政治面貌}，文化程度{文化程度}，{职业}，籍贯{籍贯}，工作单位{工作单位}，联系方式{联系方式}，居住地{居住地}，户籍地{户籍地}，到案方式为{到案方式}，前科劣迹：{前科劣迹}。
{被讯问人传唤方式}的被讯问人于被讯问人传唤开始时间{被讯问人传唤开始时间}到达，被讯问人传唤结束时间{被讯问人传唤结束时间}离开，本人签名：{被讯问人本人签名}{是否有捺印}
讯问中确认了是否通知家属：{是否通知家属}，{未通知家属原因}，是否饮食休息保障：{是否饮食休息保障}，{传唤原因}，{传唤依据}，被讯问人特殊身份{特殊身份}","这是一份{人员类型}{文书指向人}的{文书名称}
末尾拼接 单份笔录总结",文书名称,否,是,wsmc,是,笔录名称,否,文书名称,TRUE,笔录名称,,FALSE,"请将这份材料中的文书名称、讯问次数、讯问开始时间、讯问结束时间、讯问地点、讯问人姓名、讯问人工作单位、记录人签名、记录人工作单位、被讯问人姓名、被讯问人性别、被讯问人年龄、被讯问人出生日期、被讯问人证件类型、被讯问人证件号码、被讯问人现住址、被讯问人联系方式、被讯问人户籍所在地、被讯问人传唤方式、被讯问人传唤开始时间、被讯问人传唤结束时间、传唤时长、被讯问人本人签名、特殊身份、前科信息、违法事实提取出来。
#要求
1、文书名称的后面大写数字以及括号省略；
2、讯问次数取文书名称后面的大写数字，并将其转化为小字数字；
3、传话时长等于被讯问人传唤结束时间减去被讯问人传唤开始时间，请按照24小时制进行展示。",,
,,,,讯问次数,,,xunwcs,否,/,/,讯问次数,TRUE,,,FALSE,,,对应弹出页面展示字段
,,,,姓名,,,bxunwr_xm,是,姓名,否,被讯问人姓名,FALSE,,,FALSE,,,
,,,,曾用名,,,cym,是,曾用名,否,被讯问人曾用名,FALSE,,,FALSE,,,
,,,,别名,,,bm,是,别名,否,被讯问人别名,FALSE,,,FALSE,,,
,,,,绰号,,,ch,是,绰号,否,被讯问人绰号,,,,,,,
,,,,性别,,,bxunwr_xb,是,性别,否,被讯问人性别,,,,FALSE,,,
,,,,出生日期,,,bxunwr_csrq,是,出生日期,否,被讯问人出生日期,FALSE,,,FALSE,,,
,,,,出生地,,,csd,否,出生地,否,/,,嫌疑人姓名,,FALSE,,,
,,,,证件类型,,,bxunwr_zjlx,是,证件类型,否,被讯问人证件类型,FALSE,,,FALSE,,,prompt计算
,,,,证件号码,,,bxunwr_zjhm,是,证件号码,否,被讯问人证件号码,,,,FALSE,,,
,,,,民族,,,mz,是,民族,否,被讯问人民族,FALSE,,,FALSE,,,
,,,,政治面貌,,,zzmm,是,政治面貌,否,被讯问人政治面貌,,,,,,,
,,,,文化程度,,,whcd,是,文化程度,否,被讯问人文化程度,,,,,,,
,,,,职业,,,zy,否,职业,否,被讯问人职业,,,,,,,
,,,,籍贯,,,bxunwr_jg,是,籍贯,否,被讯问人籍贯,,,,FALSE,,,
,,,,工作单位,,,gzdw,是,工作单位,否,被讯问人工作单位,,,,,,,
,,,,联系方式,,,bxunwr_lxfs,是,联系方式,否,被讯问人联系方式,,,,,,,
,,,,居住地,,,bxunwr_xzz,是,居住地,否,被讯问人居住地,,,,,,,
,,,,户籍地,,,hjd,是,户籍地,否,被讯问人户籍所在地,FALSE,,,FALSE,,,
,,,,到案方式,,,dafs,是,到案方式,否,/,FALSE,,,FALSE,,,
,,,,前科劣迹,,,qkxx,是,前科劣迹,否,前科信息,,,,,,,
,,,,讯问地点,,,xunwdd,是,讯问地点,否,讯问地点,FALSE,,,FALSE,,,对应弹出页面展示字段
,,,,讯问开始时间,,,xunwkssj,是,讯问开始时间,否,讯问开始时间,FALSE,问答开始时间,,,,,对应弹出页面展示字段
,,,,讯问结束时间,,,xunwjssj,是,讯问结束时间,否,讯问结束时间,FALSE,,,,,,对应弹出页面展示字段
,,,,讯问人姓名,,,xunwr_xm,是,讯问人姓名,是,讯问人姓名,FALSE,,,FALSE,,,对应弹出页面及页签展示字段
,,,,记录人姓名,,,jlr_qm,是,记录人姓名,是,记录人姓名,FALSE,,,FALSE,,,
,,,,是否通知家属,,,tzjs,是,通知家属,否,是否通知家属,,,,,,,
,,,,未通知家属原因,,,wtzjsyy,否,/,否,未通知家属原因,,,,,,,
,,,,是否饮食休息保障,,,ysbz,是,饮食休息保障,否,是否饮食休息保障,,,,,,,
,,,,传唤原因,,,chyy,否,/,否,传唤原因,,,,,,,
,,,,传唤依据,,,chyj,否,/,否,传唤依据,,,,,,,
,,,,/,,,,是,供述、辩解内容,否,/,,,,,,,
,,,,被讯问人传唤方式,,,bxunwr_chfs,否,/,否,被讯问人传唤方式,,,,,,,
,,,,被讯问人传唤开始时间,,,bxunwr_chkssj,否,/,否,被讯问人传唤开始时间,TRUE,,,FALSE,,,
,,,,被讯问人传唤结束时间,,,bxunwr_chjssj,否,/,否,被讯问人传唤结束时间,TRUE,,,FALSE,,,
,,,,被讯问人本人签名,,,bxunwr_brqm,否,/,是,被讯问人本人签名,TRUE,,,FALSE,,,
,,,,是否有捺印,,,统一特殊处理,,,,被讯问人本人捺印,,,,,,,
,,,,特殊身份,,,tssf,否,/,否,特殊身份,TRUE,,,FALSE,,,prompt计算
对单人,询问笔录,"正文内容是询问开始时间{询问开始时间}至询问结束时间{询问结束时间}，地点{询问地点}，询问人{询问人姓名}，记录人{记录人姓名}，被询问人{姓名}，{性别}，{出生日期}出生于{出生地}，曾用名{曾用名}，别名{别名}，绰号{绰号}。证件类型 {证件类型}，证件号码{证件号码}，{民族}，{政治面貌}，文化程度{文化程度}，{职业}，籍贯{籍贯}，工作单位{工作单位}，联系方式{联系方式}，居住地{居住地}，户籍地{户籍地}，到案方式为{到案方式}，前科劣迹：{前科劣迹}。
{被询问人传唤方式}的被询问人于被询问人传唤开始时间{被询问人传唤开始时间}到达，被询问人传唤结束时间{被询问人传唤结束时间}离开，本人签名：{被询问人本人签名}{是否有捺印}。
询问中确认了是否通知家属：{是否通知家属}，{未通知家属原因}，是否饮食休息保障：{是否饮食休息保障}，{传唤原因}，{传唤依据}，被询问人特殊身份{特殊身份}","这是一份{人员类型}{文书指向人}的{文书名称}
末尾拼接 单份笔录总结",文书名称,否,是,wsmc,是,笔录名称,否,文书名称,TRUE,笔录名称,,FALSE,"请将这份材料中的文书名称、询问次数、询问开始时间、询问结束时间、询问地点、询问人姓名、询问人工作单位、记录人签名、记录人工作单位、被询问人姓名、被询问人性别、被询问人年龄、被询问人出生日期、被询问人证件类型、被询问人证件号码、被询问人现住址、被询问人联系方式、被询问人户籍所在地、被询问人陈述内容、被询问人本人签名提取出来。
#要求
1、文书名称的后面大写数字以及括号省略；
2、询问次数取文书名称后面的大写数字，并将其转化为小字数字；",,
,,,,询问次数,,,xunwcs,否,/,否,询问次数,TRUE,,,FALSE,,,对应弹出页面展示字段
,,,,被询问人姓名,,,bxunwr_xm,是,姓名,否,被询问人姓名,FALSE,,,FALSE,,,
,,,,曾用名,,,cym,是,曾用名,否,被询问人曾用名,FALSE,,,FALSE,,,
,,,,别名,,,bm,是,别名,否,被询问人别名,FALSE,,,FALSE,,,
,,,,绰号,,,ch,是,绰号,否,被询问人绰号,,,,,,,
,,,,性别,,,bxunwr_xb,是,性别,否,被询问人性别,,,,FALSE,,,
,,,,出生日期,,,bxunwr_csrq,是,出生日期,否,被询问人出生日期,FALSE,,,FALSE,,,
,,,,出生地,,,csd,否,出生地,否,被询问人出生地,,,,FALSE,,,
,,,,证件类型,,,bxunwr_zjlx,是,证件类型,否,被询问人证件类型,FALSE,,,FALSE,,,
,,,,证件号码,,,bxunwr_zjhm,是,证件号码,否,被询问人证件号码,,,,FALSE,,,
,,,,民族,,,mz,是,民族,否,被询问人民族,FALSE,,,FALSE,,,
,,,,政治面貌,,,zzmm,是,政治面貌,否,被询问人政治面貌,,,,,,,
,,,,文化程度,,,whcd,否,文化程度,否,被询问人文化程度,,,,,,,
,,,,职业,,,zy,否,职业,否,被询问人职业,,,,,,,
,,,,籍贯,,,bxunwr_jg,是,籍贯,否,被询问人籍贯,,,,FALSE,,,
,,,,工作单位,,,gzdw,是,工作单位,否,被询问人工作单位,,,,,,,
,,,,联系方式,,,bxunwr_lxfs,是,联系方式,否,被询问人联系方式,,,,,,,
,,,,居住地,,,bxunwr_xzz,是,居住地,否,被询问人居住地,,,,,,,
,,,,户籍地,,,hjd,是,户籍地,否,被询问人户籍所在地,FALSE,,,FALSE,,,
,,,,到案方式,,,dafs,是,到案方式,否,/,FALSE,,,FALSE,,,
,,,,前科劣迹,,,qkxx,是,前科劣迹,否,前科信息,,,,,,,
,,,,询问地点,,,xunwdd,是,询问地点,否,询问地点,FALSE,,,FALSE,,,对应弹出页面展示字段
,,,,询问开始时间,,,xunwkssj,是,询问开始时间,否,询问开始时间,FALSE,问答开始时间,,,,,对应弹出页面展示字段
,,,,询问结束时间,,,xunwjssj,是,询问结束时间,否,询问结束时间,FALSE,,,,,,对应弹出页面展示字段
,,,,询问人姓名,,,xunwr_xm,是,询问人姓名,是,询问人姓名,FALSE,,,FALSE,,,对应弹出页面及页签展示字段
,,,,记录人姓名,,,jlr_qm,是,记录人姓名,是,记录人姓名,FALSE,,,FALSE,,,
,,,,是否通知家属,,,tzjs,否,/,否,是否通知家属,FALSE,,,FALSE,,,
,,,,未通知家属原因,,,wtzjsyy,否,/,否,未通知家属原因,,,,,,,
,,,,是否饮食休息保障,,,ysbz,否,/,否,是否饮食休息保障,FALSE,,,FALSE,,,
,,,,传唤原因,,,chyy,否,/,否,传唤原因,,,,,,,
,,,,传唤依据,,,chyj,否,/,否,传唤依据,,,,,,,
,,,,/,,,,否,供述、辩解内容,否,/,,,,,,,
,,,,被询问人传唤方式,,,bxunwr_chfs,否,/,否,被询问人传唤方式,,,,,,,
,,,,被询问人传唤开始时间,,,bxunwr_chkssj,否,/,否,被询问人传唤开始时间,,,,,,,
,,,,被询问人传唤结束时间,,,bxunwr_chjssj,否,/,否,被询问人传唤结束时间,,,,,,,
,,,,被询问人本人签名,,,bxunwr_brqm,否,/,是,被询问人本人签名,,,,,,,
,,,,是否有捺印,,,统一特殊处理,,,,被询问人本人捺印,,,,,,,
,,,,特殊身份,,,tssf,否,（标签展示）,否,特殊身份,,,,,,,
对案,《勘验（现场）笔录》,勘验时间为勘验开始时间{勘验开始时间}至勘验结束时间{勘验结束时间}，勘验地点为{勘验地点}。勘验内容涉及{勘验内容}。勘验人员签名包括{勘验人员签名}，见证人签名为{见证人签名}。事由和目的是{事由和目的}，具体的过程和结果为{过程和结果},这是一份{文书名称},文书名称,否,否,,否,/,否,文书名称,#REF!,文书名称,页签显示,TRUE,请将这份材料中的文书名称、勘验开始时间、勘验结束时间、勘验地点、事由和目的、过程和结果提取出来。,,
,,,,勘验开始时间,,,kykssj,是,勘验开始时间,否,勘验开始时间,#REF!,勘验开始时间,,TRUE,,,
,,,,勘验结束时间,,,kyjssj,是,勘验结束时间,否,勘验结束时间,#REF!,勘验结束时间,,TRUE,,,
,,,,勘验地点,,,kydd,是,勘验地点,否,勘验地点,#REF!,勘验地点,,TRUE,,,
,,,,勘验内容,,,kynr,是,勘验内容,否,勘验内容,,,,,,,
,,,,勘验人员签名,,,kyry,是,勘验人员,是,勘验人员,,,,,,,
,,,,见证人签名,,,jzr_qm,是,见证人,是,见证人,,,,,,,
,,,,事由和目的,,,syhmd,是,/,否,事由和目的,#REF!,,,FALSE,,,
,,,,过程和结果,,,,否,,否,过程和结果,,,,,,,
对案,《勘验（电子）笔录》,勘验时间为勘验开始时间{勘验开始时间}至勘验结束时间{勘验结束时间}，勘验对象为{勘验对象}。勘验内容涉及{勘验内容}。勘验人员签名包括{勘验人员签名}，见证人签名为{见证人签名}。事由和目的是{事由和目的}，具体的过程和结果为{过程和结果},这是一份{文书名称},文书名称,否,否,,否,/,否,文书名称,,,,,,,
,,,,勘验开始时间,,,kykssj,是,勘验开始时间,否,勘验开始时间,,,,,,,
,,,,勘验结束时间,,,kyjssj,是,勘验结束时间,否,勘验结束时间,,,,,,,
,,,,勘验对象,,,kydd,是,勘验对象,否,勘验对象,,,,,,,
,,,,勘验内容,,,kynr,是,勘验内容,否,勘验内容,,,,,,,
,,,,勘验人员签名,,,kyry,是,勘验人员,是,勘验人员签名,,,,,,,
,,,,见证人签名,,,jzr_qm,是,见证人,是,见证人签名,,,,,,,
,,,,事由和目的,,,syhmd,是,/,否,事由和目的,,,,,,,
,,,,过程和结果,,,,否,/,否,过程和结果,#REF!,勘验情况,,FALSE,,,
对单人,检查笔录,检查于检查开始时间{检查开始时间}开始，至检查结束时间{检查结束时间}结束，侦查人员姓名、单位：{侦查人员姓名}{侦查人员单位}，记录人姓名、单位{记录人姓名}{记录人单位}，当事人：{当事人姓名}{当事人性别}{当事人年龄}{当事人住址}，对象：{对象}，见证人：{见证人姓名}{见证人性别}{见证人年龄}{见证人身份}，其他在场人员：{其他在场人员}，事由和目的：{事由和目的}，地点：{地点}，过程和结果：{过程和结果}，{侦查人员签名}{记录人签名}{当事人签名}{见证人签名}{其他在场人员签名},这是一份{人员类型}{文书指向人}的{文书名称},文书名称,否,否,,否,/,否,文书名称,#REF!,文书名称,,TRUE,请将这份材料中的检查开始时间、检查结束时间、检查地点、检查人、被检查人、检查情况记录提取出来。,,
,,,,检查开始时间,,,jckssj,是,检查开始时间,否,检查开始时间,#REF!,检查开始时间,,TRUE,,,
,,,,检查结束时间,,,jcjssj,是,检查结束时间,否,检查结束时间,#REF!,检查结束时间,,TRUE,,,
,,,,侦查人员姓名,,,jcr,是,侦查人员,否,侦查人员姓名,,,,,,jcr,
,,,,侦查人员单位,,,,否,/,否,侦查人员单位,,,,,,,
,,,,记录人姓名,,,jlrqm,是,记录人,否,记录人姓名,,,,,,jlrqm,
,,,,记录人单位,,,,否,/,否,记录人单位,,,,,,,
,,,,当事人姓名,,,bjcr,是,当事人,否,当事人姓名,,,,,,bjcr,
,,,,当事人性别,,,,否,/,,当事人性别,,,,,,,
,,,,当事人年龄,,,,否,/,否,当事人年龄,,,,,,,
,,,,当事人住址,,,,否,/,否,当事人住址,,,,,,,
,,,,对象,,,,否,/,否,对象,,,,,,,
,,,,见证人姓名,,,jzr,是,见证人,否,见证人姓名,,,,,,jzr,
,,,,见证人性别,,,,否,/,否,见证人性别,,,,,,,
,,,,见证人年龄,,,,否,/,否,见证人年龄,,,,,,,
,,,,见证人身份,,,,否,/,否,见证人身份,,,,,,,
,,,,其他在场人员,,,,否,/,否,其他在场人员,,,,,,,
,,,,事由和目的,,,,否,/,否,事由和目的,,,,,,,
,,,,地点,,,jcdd,是,检查地点,否,地点,,,,,,jcdd,
,,,,过程和结果,,,jcqkjl,是,检查情况,否,过程和结果,,,,,,jcqkjl,
,,,,侦查人员签名,,,,否,/,是,侦查人员签名,,,,,,,
,,,,记录人签名,,,,否,/,是,记录人签名,#REF!,检查地点,,TRUE,,,
,,,,当事人签名,,,,否,/,是,当事人签名,,,,,,,
,,,,见证人签名,,,,否,/,是,见证人签名,#REF!,,,FALSE,,,
,,,,其他在场人员签名,,,,否,/,是,其他在场人员签名,,,,,,,
对单人,辨认笔录√,辨认于辨认开始时间{辨认开始时间}开始，至辨认结束时间{辨认结束时间}结束，侦查人员姓名、单位：{侦查人员姓名}{侦查人员单位}，记录人姓名、单位{记录人姓名}{记录人单位}，当事人：{当事人姓名}{当事人住址}{当事人身份}，对象：{对象}，见证人：{见证人姓名}{见证人身份}，其他在场人员：{其他在场人员}，事由和目的：{事由和目的}，地点：{地点}，过程和结果：{过程和结果}，{侦查人员签名}{记录人签名}{当事人签名}{见证人签名}{其他在场人员签名},这是一份{人员类型}{文书指向人}的{文书名称},文书名称,否,否,,否,/,否,文书名称,FALSE,,,FALSE,请将这份材料中的文书名称、辨认开始时间、辨认结束时间、辨认地点、见证人姓名、见证人住址、见证人单位、辨认对象、侦查人员签名、记录人签名、辨认人签名、见证人签名、其他在场人员签名提取出来。,,
,,,,辨认开始时间,,,brkssj,是,笔录开始时间,否,辨认开始时间,TRUE,文书名称,页签显示,FALSE,,,
,,,,辨认结束时间,,,brjssj,是,笔录结束时间,否,辨认结束时间,TRUE,辨认开始时间,,FALSE,,,
,,,,侦查人员姓名,,,zcryqm,是,侦查人员,否,侦查人员姓名,TRUE,辨认结束时间,,FALSE,,zcryqm,
,,,,侦查人员单位,,,,否,/,否,侦查人员单位,FALSE,辨认地点,,FALSE,,,
,,,,记录人姓名,,,jlr_qm,是,记录人,否,记录人姓名,FALSE,,,FALSE,,jlr_qm,
,,,,记录人单位,,,,否,/,否,记录人单位,FALSE,,,FALSE,,,
,,,,当事人姓名,,,brrqm,是,当事人,否,当事人姓名,FALSE,,,FALSE,,brrqm,
,,,,当事人住址,,,,否,/,否,当事人住址,FALSE,,,FALSE,,,
,,,,当事人身份,,,,否,/,否,当事人身份,FALSE,,,FALSE,,,
,,,,对象,,,,否,/,否,对象,FALSE,辨认人签名,,TRUE,,,
,,,,见证人姓名,,,jzr_qm,是,见证人,否,见证人姓名,FALSE,,,FALSE,,jzr_qm,
,,,,见证人身份,,,,否,/,否,见证人身份,,,,,,,
,,,,其他在场人员,,,,否,/,否,其他在场人员,,,,,,,
,,,,事由和目的,,,,否,/,否,事由和目的,,,,,,,
,,,,地点,,,brdd,是,辨认地点,否,地点,,,,,,brdd,
,,,,过程和结果,,,brnr,是,辨认内容,否,过程和结果,,,,,,brnr,
,,,,侦查人员签名,,,,否,/,是,侦查人员签名,,,,,,,
,,,,记录人签名,,,,否,/,是,记录人签名,,,,,,,
,,,,当事人签名,,,,否,/,是,当事人签名,,,,,,,
,,,,见证人签名,,,,否,/,是,见证人签名,,,,,,,
,,,,其他在场人员签名,,,,否,/,是,其他在场人员签名,,,,,,,
对单人,搜查证,文书文号是{文书文号}，正文内容是根据《中华人民共和国刑事诉讼法》第一百三十六条之规定，我局依法对{当事人姓名}的{搜查对象}进行搜查，搜查日期是{搜查日期}，被检查人或见证人是{被检查人/见证人签名}，文书公章情况：{是否有文书公章},这是一份{人员类型}{文书指向人}的{文书名称},文书名称,是,否,,否,/,否,文书名称,,,,,,,
,,,,文书文号,,,,否,/,否,文书文号,,,,,,,
,,,,搜查对象,,,,否,/,否,搜查对象,,,,,,,
,,,,当事人姓名,,,,否,/,否,当事人姓名,,,,,,,
,,,,搜查日期,,,,否,/,是,搜查日期,,,,,,,
,,,,被搜查人/见证人签名,,,,否,/,是,被搜查人/见证人签名,,,,,,,
,,,,是否有文书公章,,,,,,,文书公章,,,,,,,
对单人,搜查笔录,搜查于搜查开始时间{搜查开始时间}开始，至搜查结束时间{搜查结束时间}结束，侦查人员姓名、单位：{侦查人员姓名}{侦查人员单位}，记录人姓名、单位{记录人姓名}{记录人单位}，当事人：{当事人姓名}{当事人住址}{当事人身份}，对象：{对象}，见证人：{见证人姓名}{见证人身份}，其他在场人员：{其他在场人员}，事由和目的：{事由和目的}，地点：{地点}，过程和结果：{过程和结果}，{侦查人员签名}{记录人签名}{当事人签名}{见证人签名}{其他在场人员签名},这是一份{人员类型}{文书指向人}的{文书名称},文书名称,否,否,,否,/,否,文书名称,FALSE,,,FALSE,请将这份材料中的搜查开始时间、搜查结束时间、搜查人员、记录人员、事由和目的提取出来。,,
,,,,搜查开始时间,,,sckssj,是,搜查开始时间,否,搜查开始时间,FALSE,搜查开始时间,,TRUE,,,
,,,,搜查结束时间,,,scjssj,是,搜查结束时间,否,搜查结束时间,FALSE,搜查结束时间,,TRUE,,,
,,,,侦查人员姓名,,,scry,是,侦查人员,否,侦查人员姓名,FALSE,,,FALSE,,scry,
,,,,侦查人员单位,,,,否,/,否,侦查人员单位,FALSE,,,FALSE,,,
,,,,记录人姓名,,,glry,是,记录人,否,记录人姓名,FALSE,,,FALSE,,glry,
,,,,记录人单位,,,,否,/,否,记录人单位,FALSE,,,FALSE,,,
,,,,当事人姓名,,,scdxqm,是,当事人,否,当事人姓名,FALSE,搜查过程和结果,,FALSE,,scdxqm,
,,,,当事人性别,,,,否,/,否,当事人性别,FALSE,搜查对象,,TRUE,,,
,,,,当事人年龄,,,,否,/,否,当事人年龄,,,,,,,
,,,,当事人住址,,,,否,/,否,当事人住址,,,,,,,
,,,,对象,,,scdx,否,/,否,对象,,,,,,,
,,,,见证人姓名,,,jzrqm,是,见证人,否,见证人姓名,,,,,,jzrqm,
,,,,见证人性别,,,,否,/,否,见证人性别,,,,,,,
,,,,见证人年龄,,,,否,/,否,见证人年龄,,,,,,,
,,,,见证人身份,,,,否,/,否,见证人身份,,,,,,,
,,,,其他在场人员,,,,否,/,否,其他在场人员,,,,,,,
,,,,事由和目的,,,,否,/,否,事由和目的,,,,,,,
,,,,地点,,,scdd,是,搜查地点,否,地点,,,,,,,
,,,,过程和结果,,,gcjjg,是,搜查情况,否,过程和结果,,,,,,,
,,,,侦查人员签名,,,,否,/,是,侦查人员签名,,,,,,,
,,,,记录人签名,,,,否,/,是,记录人签名,,,,,,,
,,,,当事人签名,,,,否,/,是,当事人签名,,,,,,,
,,,,见证人签名,,,,否,/,是,见证人签名,,,,,,,
,,,,其他在场人员签名,,,,否,/,是,其他在场人员签名,,,,,,,
对案,侦查实验笔录,实验于侦查实验开始时间{侦查实验开始时间}开始，至侦查实验结束时间{侦查实验结束时间}结束，侦查人员姓名、单位：{侦查人员姓名}{侦查人员单位}，记录人姓名、单位{记录人姓名}{记录人单位}，见证人：{见证人姓名}{见证人性别}{见证人年龄}{见证人身份}，其他在场人员：{其他在场人员}，事由和目的：{事由和目的}，地点：{地点}，过程和结果：{过程和结果}，{侦查人员签名}{记录人签名}{见证人签名}{其他在场人员签名},这是一份{文书名称},文书名称,否,否,,否,/,否,文书名称,FALSE,文书名称,页签显示,TRUE,请将这份材料中的侦查实验开始时间、侦查实验结束时间、侦查实验目的、过程及结果提取出来。,,
,,,,侦查实验开始时间,,,zqsy_kssj,是,笔录开始时间,否,侦查实验开始时间,FALSE,侦查实验开始时间,,TRUE,,,
,,,,侦查实验结束时间,,,zqsy_jssj,是,笔录结束时间,否,侦查实验结束时间,FALSE,侦查实验结束时间,,TRUE,,,
,,,,侦查人员姓名,,,zcry_xm,是,侦查人员,否,侦查人员姓名,,,,,,,
,,,,侦查人员单位,,,,否,/,否,侦查人员单位,,,,,,,
,,,,记录人姓名,,,jlr_xm,是,记录人,否,记录人姓名,,,,,,,
,,,,记录人单位,,,,否,/,否,记录人单位,FALSE,,,FALSE,,,
,,,,见证人姓名,,,jzr_xm,是,见证人,否,见证人姓名,FALSE,过程及结果,,TRUE,,,
,,,,见证人性别,,,,否,/,否,见证人性别,FALSE,侦查实验地点,,TRUE,,,
,,,,见证人年龄,,,,否,/,否,见证人年龄,,,,,,,
,,,,见证人身份,,,,否,/,否,见证人身份,,,,,,,
,,,,其他在场人员,,,,否,/,否,其他在场人员,,,,,,,
,,,,事由和目的,,,,否,/,否,事由和目的,,,,,,,
,,,,地点,,,zqsy_dd,是,侦查实验地点,否,地点,,,,,,zqsy_dd,
,,,,过程和结果,,,gcjjg,是,侦查实验情况,否,过程和结果,,,,,,,
,,,,侦查人员签名,,,,否,/,是,侦查人员签名,,,,,,,
,,,,记录人签名,,,,否,/,是,记录人签名,,,,,,,
,,,,见证人签名,,,,否,/,是,见证人签名,,,,,,,
,,,,其他在场人员签名,,,,否,/,是,其他在场人员签名,,,,,,,
对单人,扣押笔录√,扣押笔录于扣押笔录开始时间{扣押笔录开始时间}开始，至扣押笔录结束时间{扣押笔录结束时间}结束，侦查人员姓名、单位：{侦查人员姓名}{侦查人员单位}，记录人姓名、单位{记录人姓名}{记录人单位}，当事人：{当事人姓名}{当事人性别}{当事人年龄}{当事人住址}，对象：{对象}，见证人：{见证人姓名}{见证人身份}，其他在场人员：{其他在场人员}，事由和目的：{事由和目的}，地点：{地点}，过程和结果：{过程和结果}，{侦查人员签名}{记录人签名}{当事人签名}{见证人签名}{其他在场人员签名},这是一份{人员类型}{文书指向人}的{文书名称},文书名称,否,否,,否,/,否,文书名称,FALSE,,,FALSE,,,
,,,,扣押笔录开始时间,,,blkssj,是,笔录开始时间,否,扣押笔录开始时间,FALSE,,,FALSE,,blkssj,
,,,,扣押笔录结束时间,,,bljssj,是,笔录结束时间,否,扣押笔录结束时间,FALSE,,,FALSE,,bljssj,
,,,,侦查人员姓名,,,zcryqm,是,侦查人员,否,侦查人员姓名,FALSE,,,FALSE,,zcryqm,
,,,,侦查人员单位,,,,否,/,否,侦查人员单位,,,,,,,
,,,,记录人姓名,,,jlrqm,是,记录人,否,记录人姓名,,,,,,jlrqm,
,,,,记录人单位,,,,否,/,否,记录人单位,FALSE,,,FALSE,,,
,,,,当事人姓名,,,dsr,是,当事人,否,当事人姓名,FALSE,,,FALSE,,,
,,,,当事人性别,,,,否,/,,当事人性别,FALSE,,,FALSE,,,
,,,,当事人年龄,,,,否,/,否,当事人年龄,FALSE,,,FALSE,,,
,,,,当事人住址,,,,否,/,否,当事人住址,FALSE,,,FALSE,,,
,,,,对象,,,,否,/,否,对象,,,,,,,
,,,,见证人姓名,,,jzr,是,见证人,否,见证人姓名,,,,,,,
,,,,见证人身份,,,,否,/,否,见证人身份,,,,,,,
,,,,其他在场人员,,,,否,/,否,其他在场人员,,,,,,,
,,,,事由和目的,,,,否,/,否,事由和目的,,,,,,,
,,,,地点,,,kouydd,是,扣押地点,否,地点,,,,,,kouydd,
,,,,过程和结果,,,gchjg,是,扣押情况,否,过程和结果,,,,,,,
,,,,侦查人员签名,,,,否,/,是,侦查人员签名,,,,,,,
,,,,记录人签名,,,,否,/,是,记录人签名,,,,,,,
,,,,当事人签名,,,,否,/,是,当事人签名,,,,,,,
,,,,见证人签名,,,,否,/,是,见证人签名,,,,,,,
,,,,其他在场人员签名,,,,否,/,是,其他在场人员签名,,,,,,,
对单人,查封笔录,查封笔录于查封笔录开始时间{查封笔录开始时间}开始，至查封笔录结束时间{查封笔录结束时间}结束，侦查人员姓名、单位：{侦查人员姓名}{侦查人员单位}，记录人姓名、单位{记录人姓名}{记录人单位}，当事人：{当事人姓名}{当事人性别}{当事人年龄}{当事人住址}，对象：{对象}，见证人：{见证人姓名}{见证人身份}，其他在场人员：{其他在场人员}，事由和目的：{事由和目的}，地点：{地点}，过程和结果：{过程和结果}，{侦查人员签名}{记录人签名}{当事人签名}{见证人签名}{其他在场人员签名},这是一份{人员类型}{文书指向人}的{文书名称},文书名称,否,否,,否,/,否,文书名称,,,,,,,
,,,,查封笔录开始时间,,,blkssj,是,笔录开始时间,否,查封笔录开始时间,,,,,,,
,,,,查封笔录结束时间,,,bljssj,是,笔录结束时间,否,查封笔录结束时间,,,,,,,
,,,,侦查人员姓名,,,zcy,是,侦查人员,否,侦查人员姓名,,,,,,,
,,,,侦查人员单位,,,,否,/,否,侦查人员单位,,,,,,,
,,,,记录人姓名,,,jlr_qm,是,记录人,否,记录人姓名,,,,,,,
,,,,记录人单位,,,,否,/,否,记录人单位,,,,,,,
,,,,当事人姓名,,,dsr,是,当事人,否,当事人姓名,,,,,,,
,,,,当事人性别,,,,否,/,否,当事人性别,,,,,,,
,,,,当事人年龄,,,,否,/,否,当事人年龄,,,,,,,
,,,,当事人住址,,,,否,/,否,当事人住址,,,,,,,
,,,,对象,,,,否,/,否,对象,,,,,,,
,,,,见证人姓名,,,jzr,是,见证人,否,见证人姓名,,,,,,,
,,,,见证人身份,,,,否,/,否,见证人身份,,,,,,,
,,,,其他在场人员,,,,否,/,否,其他在场人员,,,,,,,
,,,,事由和目的,,,,否,/,否,事由和目的,,,,,,,
,,,,地点,,,cfdd,是,查封地点,否,地点,,,,,,,
,,,,过程和结果,,,gchjg,是,查封情况,否,过程和结果,,,,,,,
,,,,侦查人员签名,,,,否,/,是,侦查人员签名,,,,,,,
,,,,记录人签名,,,,否,/,是,记录人签名,,,,,,,
,,,,当事人签名,,,,否,/,是,当事人签名,,,,,,,
,,,,见证人签名,,,,否,/,是,见证人签名,,,,,,,
,,,,其他在场人员签名,,,,否,/,是,其他在场人员签名,,,,,,,
对单人,提取笔录,提取笔录于提取笔录开始时间{提取笔录开始时间}开始，至提取笔录结束时间{提取笔录结束时间}结束，侦查人员姓名、单位：{侦查人员姓名}{侦查人员单位}，记录人姓名、单位{记录人姓名}{记录人单位}，当事人：{当事人姓名}{当事人性别}{当事人年龄}{当事人住址}，对象：{对象}，见证人：{见证人姓名}{见证人性别}{见证人年龄}{见证人身份}，其他在场人员：{其他在场人员}，事由和目的：{事由和目的}，地点：{地点}，过程和结果：{过程和结果}，{侦查人员签名}{记录人签名}{当事人签名}{见证人签名}{其他在场人员签名},这是一份{人员类型}{文书指向人}的{文书名称},文书名称,否,否,,否,/,否,文书名称,,,,,,,
,,,,提取笔录开始时间,,,blkssj,是,笔录开始时间,否,提取笔录开始时间,,,,,,,
,,,,提取笔录结束时间,,,bljssj,是,笔录结束时间,否,提取笔录结束时间,,,,,,,
,,,,侦查人员姓名,,,zcryqm,是,侦查人员,否,侦查人员姓名,,,,,,zcryqm,
,,,,侦查人员单位,,,,否,/,否,侦查人员单位,,,,,,,
,,,,记录人姓名,,,jlrqm,是,记录人,否,记录人姓名,,,,,,jlrqm,
,,,,记录人单位,,,,否,/,否,记录人单位,,,,,,,
,,,,当事人姓名,,,dsr,是,当事人,否,当事人姓名,,,,,,,
,,,,当事人性别,,,,否,/,,当事人性别,,,,,,,
,,,,当事人年龄,,,,否,/,否,当事人年龄,,,,,,,
,,,,当事人住址,,,,否,/,否,当事人住址,,,,,,,
,,,,对象,,,,否,/,否,对象,,,,,,,
,,,,见证人姓名,,,jzr,是,见证人,否,见证人姓名,,,,,,,
,,,,见证人性别,,,,否,/,否,见证人性别,,,,,,,
,,,,见证人年龄,,,,否,/,否,见证人年龄,,,,,,,
,,,,见证人身份,,,,否,/,否,见证人身份,,,,,,,
,,,,其他在场人员,,,,否,/,否,其他在场人员,,,,,,,
,,,,事由和目的,,,,否,/,否,事由和目的,,,,,,,
,,,,地点,,,tqdd,是,提取地点,否,地点,,,,,,,
,,,,过程和结果,,,gchjg,是,提取内容,否,过程和结果,,,,,,,
,,,,侦查人员签名,,,,否,/,是,侦查人员签名,,,,,,,
,,,,记录人签名,,,,否,/,是,记录人签名,,,,,,,
,,,,当事人签名,,,,否,/,是,当事人签名,,,,,,,
,,,,见证人签名,,,,否,/,是,见证人签名,,,,,,,
,,,,其他在场人员签名,,,,否,/,是,其他在场人员签名,,,,,,,
对案,复验复查笔录,复验复查笔录于笔录开始时间{笔录开始时间}开始，至笔录结束时间{笔录结束时间}结束，侦查人员姓名、单位：{侦查人员姓名}{侦查人员单位}，记录人姓名、单位{记录人姓名}{记录人单位}，见证人：{见证人姓名}{见证人身份}，其他在场人员：{其他在场人员}，事由和目的：{事由和目的}，地点：{地点}，过程和结果：{过程和结果}，{侦查人员签名}{记录人签名}{见证人签名}{其他在场人员签名},这是一份{文书名称},文书名称,否,否,,否,/,否,文书名称,,,,,,,
,,,,笔录开始时间,,,blkssj,是,笔录开始时间,否,笔录开始时间,,,,,,,
,,,,笔录结束时间,,,bljssj,是,笔录结束时间,否,笔录结束时间,,,,,,,
,,,,侦查人员姓名,,,zcryqm,是,侦查人员,否,侦查人员姓名,,,,,,,
,,,,侦查人员单位,,,,否,/,否,侦查人员单位,,,,,,,
,,,,记录人姓名,,,jlrqm,是,记录人,否,记录人姓名,,,,,,,
,,,,记录人单位,,,,否,/,否,记录人单位,,,,,,,
,,,,见证人姓名,,,jzr,是,见证人,否,见证人姓名,,,,,,,
,,,,见证人身份,,,,否,/,否,见证人身份,,,,,,,
,,,,其他在场人员,,,,否,/,否,其他在场人员,,,,,,,
,,,,事由和目的,,,,否,/,否,事由和目的,,,,,,,
,,,,地点,,,kouydd,是,复验复查地点,否,地点,,,,,,,
,,,,过程和结果,,,gchjg,是,复验情况,否,过程和结果,,,,,,,
,,,,侦查人员签名,,,,否,/,是,侦查人员签名,,,,,,,
,,,,记录人签名,,,,否,/,是,记录人签名,,,,,,,
,,,,见证人签名,,,,否,/,是,见证人签名,,,,,,,
,,,,其他在场人员签名,,,,否,/,是,其他在场人员签名,,,,,,,
对单人,提讯提解证,"发证日期{发证日期}
犯罪嫌疑人、被告人姓名{犯罪嫌疑人（被告人）姓名}性别{犯罪嫌疑人（被告人）性别}出生日期{犯罪嫌疑人（被告人）出生日期}
法定羁押起止时间：自{法定羁押起止时间}
羁押期限变更情况
变更原因{变更原因}，新的起止时间{新的起止时间}，填写人{填写人姓名}
提讯、提解时间{提讯提解时间}，提讯、提解人员{提讯提解人员姓名}，收监或回所时间{收监或回所时间}，看守所值班民警签名{看守所值班民警签名}，备注{备注}，{是否有文书公章}",这是一份{人员类型}{文书指向人}的{文书名称},文书名称,是,否,,否,/,否,文书名称,FALSE,,,FALSE,"请将这份材料中的文书名称、文书文号、提讯或提解时间、提讯或提押人员、收监或回所时间、看守所值班民警签名提取出来。
",,
,,,,发证日期,,,,否,/,否,发证日期,FALSE,,,FALSE,,,
,,,,犯罪嫌疑人（被告人）姓名,,,,否,/,否,犯罪嫌疑人（被告人）姓名,,,,,,,
,,,,犯罪嫌疑人（被告人）性别,,,,否,/,否,犯罪嫌疑人（被告人）性别,FALSE,,,FALSE,,,
,,,,犯罪嫌疑人（被告人）出生日期,,,,否,/,否,犯罪嫌疑人（被告人）出生日期,FALSE,,,FALSE,,,
,,,,法定羁押起止时间,,,,否,/,否,法定羁押起止时间,,,,,,,
,,,,变更原因,,,,否,/,否,变更原因,FALSE,,,FALSE,,,
,,,,新的起止时间,,,,否,/,否,新的起止时间,,,,,,,
,,,,填写人姓名,,,,否,/,否,填写人姓名,,,,,,,
,,,,提讯提解时间,,,,否,/,否,提讯提解时间,,,,,,,
,,,,提讯提解人员姓名,,,,否,/,否,提讯提解人员姓名,,,,,,,
,,,,收监或回所时间,,,,否,/,否,收监或回所时间,,,,,,,
,,,,看守所值班民警签名,,,,否,/,否,看守所值班民警签名,,,,,,,
,,,,备注,,,,否,/,否,备注,,,,,,,
,,,,是否有文书公章,,,,,,,文书公章,,,,,,,
对单人,扣押决定书,"文书字号是{文书文号}，正文内容是姓名{持有人姓名}，性别{持有人性别}，出生日期是{持有人出生日期}，身份证件种类{持有人身份证件种类}及号码{持有人身份证件号码}，住址是{持有人住址}。我局在侦查{案件名称}中发现你{持有人姓名}持有的下列财物、文件可用以证明犯罪嫌疑人有罪或者无罪，根据《中华人民共和国刑事诉讼法》第一百四十一条之规定，现决定扣押：
下面是扣押财物、文件的表格，表格抬头内容包括扣押物品的编号{物品编号}、扣押物品的名称{物品名称}、扣押物品的数量{物品数量}、扣押物品的特征{物品特征}。文书落款日期为{文书落款日期}，持有人{持有人签名}、见证人{见证人签名}。{是否有捺印}{是否有文书公章}",这是一份{人员类型}{文书指向人}的{文书名称},文书名称,是,是,,否,/,否,文书名称,FALSE,,,FALSE,"请将这份材料中的文书名称、文书文号、持有人签名、持有人签名时间、见证人签名、见证人签名时间、物品信息提取出来。
#要求
1、物品信息要求采用表格展示，要求输出的表格表头展示字段有：物品名称、物品数量、物品特征。如果涉及多个物品，请全部展示。",,
,,,,文书文号,,,,否,/,否,文书文号,FALSE,,,FALSE,,,
,,,,持有人姓名,,,,是,持有人,否,持有人姓名,FALSE,,,FALSE,,,
,,,,持有人性别,,,,否,/,否,持有人性别,FALSE,,,FALSE,,,
,,,,持有人出生日期,,,,否,/,否,持有人出生日期,FALSE,,,FALSE,,,
,,,,持有人身份证件种类,,,,否,/,否,持有人身份证件种类,FALSE,,,FALSE,,,
,,,,持有人身份证件号码,,,,否,/,否,持有人身份证件号码,FALSE,,,FALSE,,,
,,,,持有人住址,,,,否,/,否,持有人住址,FALSE,,,FALSE,,,
,,,,案件名称,,,,否,/,否,案件名称,,,,,,,
,,,,物品编号,,,,否,/,否,物品编号,,,,,,,
,,,,物品名称,,,,否,/,否,物品名称,,,,,,,
,,,,物品数量,,,,否,/,否,物品数量,,,,,,,
,,,,物品特征,,,,否,/,否,物品特征,,,,,,,
,,,,文书落款日期,,,,否,/,是,文书落款日期,,,,,,,
,,,,持有人签名,,,,否,/,是,持有人签名,,,,,,,
,,,,见证人签名,,,,否,/,是,见证人签名,,,,,,,
,,,,是否有捺印,,,,否,/,否,是否有捺印,FALSE,,,FALSE,,,
,,,,是否有文书公章,,,,,,,文书公章,,,,,,,
对案,扣押清单,文书字号是{文书文号}，正文内容是填表型，按照编号、名称、数量、特征、备注填写{物品编号}，{物品名称}，{物品数量}，{物品特征}，{物品备注}。持有人：{持有人签名}，持有人签名时间{持有人签名时间}，见证人：{见证人签名}，见证人签名时间{见证人签名时间}，保管人：{保管人签名}，保管人签名时间{保管人签名时间}{是否有文书公章}，办案人：{办案人签名}，办案人签名时间{办案人签名时间},这是一份{人员类型}{文书指向人}的{文书名称},文书名称,是,否,,否,/,否,文书名称,FALSE,,,FALSE,"请将这份材料中的文书名称、文书文号、物品名称、物品数量、物品特征、持有人签名、持有人签名时间、见证人签名、见证人签名时间、保管人签名、保管人签名时间、办案人签名、办案人签名时间、物品信息提取出来。
#要求
1、物品信息要求采用表格展示，要求输出的表格表头展示字段有：物品名称、物品数量、物品特征。如果涉及多个物品，请全部展示。",,
,,,,文书文号,,,,否,/,否,文书文号,,,,,,,
,,,,物品编号,,,,否,/,否,物品编号,FALSE,,,FALSE,,,
,,,,物品名称,,,wpmc,是,物品名称,否,物品名称,,,,,,,
,,,,物品数量,,,wpsl,是,物品数量,否,物品数量,FALSE,物品名称,,FALSE,,,
,,,,物品特征,,,wptz,是,物品特征,否,物品特征,FALSE,物品数量,,FALSE,,,
,,,,物品备注,,,,否,/,否,物品备注,FALSE,物品特征,,FALSE,,,
,,,,持有人签名,,,cyr_qm,是,持有人,是,持有人签名,FALSE,,,FALSE,,,
,,,,持有人签名时间,,,,否,/,是,持有人签名时间,FALSE,,,FALSE,,,
,,,,见证人签名,,,,否,/,是,见证人签名,FALSE,,,FALSE,,,
,,,,见证人签名时间,,,,否,/,是,见证人签名时间,FALSE,,,FALSE,,,
,,,,保管人签名,,,bgr_qm,是,保管人,是,保管人签名,FALSE,保管人签名,,TRUE,,,
,,,,保管人签名时间,,,,否,/,是,保管人签名时间,FALSE,,,FALSE,,,
,,,,是否有文书公章,,,,否,/,是,是否有文书公章,,,,,,,
,,,,办案人签名,,,,否,/,是,办案人签名,FALSE,,,FALSE,,,
,,,,办案人签名时间,,,lkrq,是,扣押日期,是,办案人签名时间,,,,,,,
对案,发还清单,"正文内容是填表型，按照编号、名称、数量、特征、备注填写{物品编号}，{物品名称}，{物品数量}，{物品特征}，{物品备注}。
以上财物、文件、证件已经如数送至领取人{领取人签名}，领取人签名时间是{领取人签名时间}
{办案单位名称} 办案人：{办案人签名}，办案人签名时间是{办案人签名时间}",这是一份{人员类型}{文书指向人}的{文书名称},文书名称,是,否,,否,/,否,文书名称,FALSE,,,FALSE,"请将这份材料中的文书名称、文书文号、物品名称、物品数量、物品特征、领取人签名、领取人签名时间、保管人签名、保管人签名时间、办案人签名、办案人签名时间、物品信息提取出来。
#要求
1、物品信息要求采用表格展示，要求输出的表格表头展示字段有：物品名称、物品数量、物品特征。如果涉及多个物品，请全部展示。",,
,,,,物品编号,,,,否,/,否,物品编号,FALSE,,,FALSE,,,
,,,,物品名称,,,wpmc,是,物品名称,否,物品名称,,,,,,,
,,,,物品数量,,,wpsl,是,物品数量,否,物品数量,FALSE,,,FALSE,,,
,,,,物品特征,,,wptz,是,物品特征,否,物品特征,FALSE,,,FALSE,,,
,,,,物品备注,,,,否,/,否,物品备注,FALSE,,,FALSE,,,
,,,,领取人签名,,,,否,/,是,领取人签名,,,,,,,
,,,,领取人签名时间,,,,否,/,是,领取人签名时间,,,,,,,
,,,,办案单位名称,,,,否,/,是,办案单位名称,FALSE,发还时间,,FALSE,,,
,,,,办案人签名,,,,否,/,是,办案人签名,FALSE,,,FALSE,,,
,,,,领取人签名时间,,,lqr_qmsj,是,发还日期,是,办案人签名时间,FALSE,,,FALSE,,,
,,,,是否有文书公章,,,,,,,文书公章,,,,,,,
对单人,释放通知书,"拘留式释放通知书：
文书字号是{文书文号}，正文内容是{看守所名称}、{检察院名称}：{被释放人姓名}（性别{被释放人性别}，出生日期{被释放人出生日期}，住址{被释放人住址}）因{涉嫌罪名}，于强制措施执行日期{强制措施执行日期}被执行拘留，现因{释放原因}，根据{适用法条}之规定，予以释放。{是否有文书公章}，文书落款日期为{文书落款日期}
该份通知书已于接收民警签名时间{接收民警签名时间}送达至看守所 ，接受民警：{接收民警签名}。
该份通知书已于检察院收件人签名时间{检察院收件人签名时间}送达至检察院，检察院收件人：{检察院收件人签名}。
逮捕式释放通知书：
文书字号是{文书文号}，正文内容是{看守所名称}、{检察院名称}：{被释放人姓名}（性别{被释放人性别}，出生日期{被释放人出生日期}，住址{被释放人住址}）因{涉嫌罪名}，于强制措施执行日期{强制措施执行日期}被执行逮捕，现因{释放原因}，根据{适用法条}之规定，予以释放。{是否有文书公章}，文书落款日期为{文书落款日期}
该份通知书已于接收民警签名时间{接收民警签名时间}送达至看守所 ，接受民警：{接收民警签名}。
该份通知书已于检察院收件人签名时间{检察院收件人签名时间}送达至检察院，检察院收件人：{检察院收件人签名}。",这是一份{人员类型}{文书指向人}的{文书名称},文书名称,是,否,,否,/,否,文书名称,,,,,,,
,,,,文书文号,,,,否,/,否,文书文号,,,,,,,
,,,,看守所名称,,,,否,/,否,看守所名称,,,,,,,
,,,,检察院名称,,,,否,/,否,检察院名称,,,,,,,
,,,,被释放人姓名,,,,否,/,否,被释放人姓名,,,,,,,
,,,,被释放人性别,,,,否,/,否,被释放人性别,,,,,,,
,,,,被释放人出生日期,,,,否,/,否,被释放人出生日期,,,,,,,
,,,,被释放人住址,,,,否,/,否,被释放人住址,,,,,,,
,,,,涉嫌罪名,,,,否,/,否,涉嫌罪名,,,,,,,
,,,,强制措施执行日期,,,,否,/,否,强制措施执行日期,,,,,,,
,,,,释放原因,,,,否,/,否,释放原因,,,,,,,
,,,,适用法条,,,,否,/,否,适用法条,,,,,,,
,,,,是否有文书公章,,,,,,,文书公章,,,,,,,
,,,,文书落款日期,,,,否,/,是,文书落款日期,,,,,,,
,,,,接收民警签名时间,,,,否,/,是,接收民警签名时间,,,,,,,
,,,,接收民警签名,,,,否,/,是,接收民警签名,,,,,,,
,,,,检察院收件人签名时间,,,,否,/,是,检察院收件人签名时间,,,,,,,
,,,,"检察院签字        jcyqz
检察院公章        jcygz",,,特殊处理返回sftzjcjg,是,释放通知检察机关,是,检察院收件人签名,,,,,,,
对单人,释放证明书,"拘留式释放证明书：
文书字号是{文书文号}，正文内容是{被释放人}，性别{被释放人性别}，出生日期{被释放人出生日期}，住址{被释放人住址}，因{涉嫌罪名}于强制措施执行日期{强制措施执行日期}被拘留，现因{释放原因}，根据{适用法条}之规定，经{公安机关名称}决定，予以释放。文书落款日期为{文书落款日期}
该份证明书已于被释放人签字日期{被释放人签字日期}送达至被释放人：{被释放人签名}。{是否有文书公章}
逮捕式释放证明书：
文书字号是{文书文号}，正文内容是{被释放人}，性别{被释放人性别}，出生日期{被释放人出生日期}，住址{被释放人住址}，因{涉嫌罪名}于强制措施执行日期{强制措施执行日期}被逮捕，现因{释放原因}，根据{适用法条}之规定，经{公安机关名称}决定，予以释放。文书落款日期为 {文书落款日期}
该份证明书已于被释放人签字日期{被释放人签字日期}送达至被释放人：{被释放人签名}。{是否有文书公章}",这是一份{人员类型}{文书指向人}的{文书名称},文书名称,是,否,,否,/,否,文书名称,FALSE,,,FALSE,,,
,,,,文书文号,,,,否,/,否,文书文号,FALSE,,,FALSE,,,
,,,,被释放人,,,,否,/,否,被释放人,FALSE,,,FALSE,,,
,,,,被释放人性别,,,,否,/,否,被释放人性别,FALSE,,,FALSE,,,
,,,,被释放人出生日期,,,,否,/,否,被释放人出生日期,,,,,,,
,,,,被释放人住址,,,,否,/,否,被释放人住址,,,,,,,
,,,,涉嫌罪名,,,,否,/,否,涉嫌罪名,,,,,,,
,,,,强制措施执行日期,,,,否,/,否,强制措施执行日期,,,,,,,
,,,,释放原因,,,,否,/,否,释放原因,,,,,,,
,,,,适用法条,,,,否,/,是,适用法条,,,,,,,
,,,,公安机关名称,,,,否,/,是,公安机关名称,,,,,,,
,,,,文书落款日期,,,sftzsj,是,刑拘释放日期 / 逮捕释放日期,是,文书落款日期,,,,,,,
,,,,被释放人签字日期,,,,否,/,否,被释放人签字日期,,,,,,,
,,,,被释放人签名,,,,否,/,否,被释放人签名,,,,,,,
,,,,是否有文书公章,,,,,,,文书公章,,,,,,,
对案,鉴定聘请书,"文书字号是{文书文号}，正文内容是{被聘请鉴定人姓名}：为了查明{案件名称}，根据《中华人民共和国刑事诉讼法》第一百四十六条之规定，特聘请你对{鉴定内容}进行鉴定。请于鉴定意见提交截止日期{鉴定意见提交截止日期}前将鉴定情况和意见书面送交我局。文书落款日期为{文书落款日期}，{是否有文书公章}
本聘请书已于被聘请人签字时间{被聘请人签字时间}送达至被聘请人，被聘请人：{被聘请人签名}",这是一份{文书名称},文书名称,是,否,,否,/,否,文书名称,,,,,,,
,,,,文书文号,,,,否,/,否,文书文号,,,,,,,
,,,,被聘请鉴定人姓名,,,jdr_xm,否,/,否,被聘请鉴定人姓名,,,,,,,
,,,,案件名称,,,,否,/,否,案件名称,,,,,,,
,,,,适用法条,,,,否,/,否,适用法条,,,,,,,
,,,,鉴定内容,,,,否,/,否,鉴定内容,,,,,,,
,,,,鉴定意见提交截止日期,,,,否,/,否,鉴定意见提交截止日期,,,,,,,
,,,,文书落款日期,,,,否,/,是,文书落款日期,,,,,,,
,,,,被聘请人签字时间,,,,否,/,是,被聘请人签字时间,,,,,,,
,,,,被聘请人签名,,,,否,/,是,被聘请人签名,,,,,,,
,,,,是否有文书公章,,,,,,,文书公章,,,,,,,
对单人,鉴定意见通知书,"指派式鉴定意见通知书：
文书字号是{文书文号}，正文内容是
{犯罪嫌疑人姓名}：我局指派有关人员，对{鉴定内容}进行了{鉴定类型}。鉴定意见是{鉴定意见}。
根据《中华人民共和国刑事诉讼法》第一百四十八条之规定，如果你对该鉴定意见有异议，可以提出补充鉴定或者重新鉴定的申请。文书落款日期为{文书落款日期}，{是否有文书公章}
该通知书已于被害人或其家属签字时间{被害人或其家属签字时间}送达至被害人或其家属：{被害人或其家属签名}
该通知书已于犯罪嫌疑人签字时间{犯罪嫌疑人签字时间}送达至犯罪嫌疑人：{犯罪嫌疑人签名}
聘请式鉴定意见通知书：
文书字号是{文书文号}，正文内容是
{犯罪嫌疑人姓名}：我局聘请有关人员，对{鉴定内容}进行了{鉴定类型}。鉴定意见是{鉴定意见}。根据《中华人民共和国刑事诉讼法》第一百四十八条之规定，如果你对该鉴定意见有异议，可以提出补充鉴定或者重新鉴定的申请。文书落款日期为{文书落款日期}，{是否有文书公章}
该通知书已于被害人或其家属签字时间{被害人或其家属签字时间}送达至被害人或其家属：{被害人或其家属签名}
该通知书已于犯罪嫌疑人签字时间{犯罪嫌疑人签字时间}送达至犯罪嫌疑人：{犯罪嫌疑人签名}",这是一份{人员类型}{文书指向人}的{文书名称},文书名称,是,否,wsmc,否,/,否,文书名称,FALSE,,,FALSE,请将这份材料中的文书名称、文书文号、被鉴定人、鉴定意见、适用法条、文书生成日期、被害人或其家属签名、被害人或其家属签字日期、犯罪嫌疑人签名、犯罪嫌疑人签字日期提取出来。,,
,,,,文书文号,,,wswh,否,/,否,文书文号,FALSE,,,FALSE,,,
,,,,被害人或其家属姓名,,,xm,否,/,否,被害人或其家属姓名,FALSE,被鉴定人,,FALSE,,,
,,,,犯罪嫌疑人姓名,,,fzxyr_xm,否,/,否,犯罪嫌疑人姓名,,,,,,,
,,,,鉴定对象,,,jydx,否,/,否,鉴定对象,,,,,,,
,,,,鉴定内容,,,jdnr,否,/,否,鉴定内容,,,,,,,
,,,,鉴定类型,,,jdlx,否,/,否,鉴定类型,,,,,,,
,,,,鉴定意见,,,jdyj,否,/,否,鉴定意见,,,,,,,
,,,,文书落款日期,,,wsscrq,否,/,是,文书落款日期,FALSE,,,FALSE,,,
,,,,被害人或其家属签字时间,,,bhprhqjs_qzrq,否,/,是,被害人或其家属签字时间,,,,,,,
,,,,被害人或其家属签名,,,bhprhqjs_qm,否,/,是,被害人或其家属签名,FALSE,鉴定结论作出时间,,FALSE,,,
,,,,犯罪嫌疑人签字时间,,,fzxyr_qzrq,是,被告知日期,是,犯罪嫌疑人签字时间,FALSE,被告知人,,FALSE,,,
,,,,犯罪嫌疑人签名,,,fzxyr_qm,是,被告知人,是,犯罪嫌疑人签名,FALSE,被告知时间,,FALSE,,,
,,,,是否有文书公章,,,,,,,文书公章,,,,,,,
对多人,户籍证明,"[{身份证号}，{家庭关系}，{姓名}，{户主姓名}，{曾用名}，{户口性质}，{性别}，{民族}，{户别}，{出生日期}，{籍贯}，{住址}]
此人为我派出所辖区居民 特此证明{派出所名称}{是否有文书公章}",这是一份{文书名称},文书名称,是,否,,否,/,否,文书名称,,,,,,,
,,,,身份证号,,,,否,/,否,身份证号,,,,,,,
,,,,家庭关系,,,,否,/,否,家庭关系,,,,,,,
,,,,姓名,,,,否,/,否,姓名,,,,,,,
,,,,户主姓名,,,,否,/,否,户主姓名,,,,,,,
,,,,曾用名,,,,否,/,否,曾用名,,,,,,,
,,,,户口性质,,,,否,/,否,户口性质,,,,,,,
,,,,性别,,,,否,/,否,性别,,,,,,,
,,,,民族,,,,否,/,否,民族,,,,,,,
,,,,户别,,,,否,/,否,户别,,,,,,,
,,,,出生日期,,,,否,/,否,出生日期,,,,,,,
,,,,籍贯,,,,否,/,否,籍贯,,,,,,,
,,,,住址,,,,否,/,否,住址,,,,,,,
,,,,派出所名称,,,,否,/,否,派出所名称,,,,,,,
,,,,是否有文书公章,,,,,,,文书公章,,,,,,,
对单人,出生证明,"{新生儿姓名}，{性别}，出生时间{出生时间}，
{出生孕周}周，{出生体重}克，{出生身长}厘米
{出生地点}，{医疗机构名称}
{母亲姓名}，{年龄}，{国籍}，{民族}，{住址}
{有效身份证件号码}
{父亲姓名}，{年龄}，{国籍}，{民族}，{住址}
{有效身份证件号码}
{签发机构}{是否有文书公章}，文书落款日期为{文书落款日期}",这是一份{人员类型}{文书指向人}的{文书名称},文书名称,是,否,,否,/,否,文书名称,,,,,,,
,,,,新生儿姓名,,,,否,/,否,新生儿姓名,,,,,,,
,,,,性别,,,,否,/,否,性别,,,,,,,
,,,,出生时间,,,,否,/,否,出生时间,,,,,,,
,,,,出生孕周,,,,否,/,否,出生孕周,,,,,,,
,,,,出生体重,,,,否,/,否,出生体重,,,,,,,
,,,,出生身长,,,,否,/,否,出生身长,,,,,,,
,,,,出生地点,,,,否,/,否,出生地点,,,,,,,
,,,,医疗机构名称,,,,否,/,否,医疗机构名称,,,,,,,
,,,,母亲姓名,,,,否,/,否,母亲姓名,,,,,,,
,,,,年龄,,,,否,/,否,年龄,,,,,,,
,,,,国籍,,,,否,/,否,国籍,,,,,,,
,,,,民族,,,,否,/,否,民族,,,,,,,
,,,,住址,,,,否,/,否,住址,,,,,,,
,,,,有效身份证件号码,,,,否,/,否,有效身份证件号码,,,,,,,
,,,,父亲姓名,,,,否,/,否,父亲姓名,,,,,,,
,,,,签发机构,,,,否,/,否,签发机构,,,,,,,
,,,,是否有文书公章,,,,否,/,否,是否有文书公章,,,,,,,
,,,,文书落款日期,,,,否,/,是,文书落款日期,,,,,,,
对单人,法医学人体损伤程度鉴定书,被鉴定对象为{被鉴定对象}，鉴定机构为{鉴定机构}，鉴定人为{鉴定人}，鉴定意见内容是{鉴定意见内容}，该结论于结论作出日期{结论作出日期}作出，文书公章情况：{是否有文书公章},这是一份{人员类型}{文书指向人}的{文书名称},文书名称,是,否,wsmc,否,/,否,文书名称,,,,,,,
,,,,被鉴定对象,,,bjddx,是,被鉴定对象,否,被鉴定对象,,,,,,,
,,,,鉴定意见内容,,,jdyj,是,/,否,鉴定意见内容,,,,,,,
,,,,鉴定人,,,jdr_xm,是,鉴定人,否,鉴定人,,,,,,,
,,,,鉴定机构,,,jdjg,是,鉴定机构,否,鉴定机构,,,,,,,
,,,,结论作出日期,,,jdyj_tjjzrq,是,鉴定结论作出日期,是,文书落款日期,,,,,,,
,,,,是否有文书公章,,,,,,,文书公章,,,,,,,
对人,《价格认定书》,被鉴定对象为{被鉴定对象}，鉴定机构为{鉴定机构}，鉴定人为{鉴定人}，鉴定意见内容是{鉴定意见内容}，该结论于结论作出日期{结论作出日期}作出，文书公章情况：{是否有文书公章},这是一份{人员类型}{文书指向人}的{文书名称},文书名称,是,否,wsmc,否,/,否,文书名称,,,,,,,
,,,,被鉴定对象,,,bjddx,是,被鉴定对象,否,被鉴定对象,,,,,,,
,,,,鉴定意见内容,,,jdyj,是,鉴定意见内容,否,鉴定意见内容,,,,,,,
,,,,鉴定人,,,jdr_xm,是,鉴定人,否,鉴定人,,,,,,,
,,,,鉴定机构,,,jdjg,是,鉴定机构,否,鉴定机构,,,,,,,
,,,,结论作出日期,,,jdyj_tjjzrq,是,结论做出日期,是,结论作出日期,,,,,,,
,,,,是否有文书公章,,,,,,,文书公章,,,,,,,
对人,《痕检报告书》,被鉴定对象为{被鉴定对象}，鉴定机构为{鉴定机构}，鉴定人为{鉴定人}，鉴定意见内容是{鉴定意见内容}，该结论于结论作出日期{结论作出日期}作出，文书公章情况：{是否有文书公章},这是一份{人员类型}{文书指向人}的{文书名称},文书名称,是,否,wsmc,否,/,否,文书名称,,,,,,,
,,,,被鉴定对象,,,bjddx,是,被鉴定对象,否,被鉴定对象,,,,,,,
,,,,鉴定意见内容,,,jdyj,是,鉴定意见内容,否,鉴定意见内容,,,,,,,
,,,,鉴定人,,,jdr_xm,是,鉴定人,否,鉴定人,,,,,,,
,,,,鉴定机构,,,jdjg,是,鉴定机构,否,鉴定机构,,,,,,,
,,,,结论作出日期,,,jdyj_tjjzrq,是,结论做出日期,是,结论作出日期,,,,,,,
,,,,是否有文书公章,,,,,,,文书公章,,,,,,,
对多人,起诉意见书,"文书字号是{文书文号}，正文内容是
[犯罪嫌疑人{犯罪嫌疑人姓名}，曾用名{犯罪嫌疑人曾用名}，{犯罪嫌疑人性别}，出生日期{犯罪嫌疑人出生日期}，出生地{犯罪嫌疑人出生地址}，身份证号码{犯罪嫌疑人身份证号码}，{犯罪嫌疑人民族}，{犯罪嫌疑人文化水平}，{犯罪嫌疑人职业}，住{犯罪嫌疑人现住址}，{犯罪嫌疑人政治面貌}，{前科劣迹}，{强制措施情况}]
犯罪嫌疑人[{犯罪嫌疑人姓名}]涉嫌{涉嫌罪名}一案。
经依法侦查查明:{违法犯罪事实}。
认定上述事实的证据如下:{在案证据类型}
上述犯罪事实清楚，证据确实、充分，足以认定
犯罪嫌疑人[{犯罪嫌疑人姓名}{从轻从重情节}]
综上所述，根据{适用法条}之规定，涉嫌{起诉罪名}。现将此案移送审查起诉。
此致
{检察院名称}
文书落款日期为{文书落款日期}{是否有文书公章}",这是一份{文书名称},文书名称,是,否,,否,/,否,文书名称,,,,,,,
,,,,文书文号,,,,否,/,否,文书文号,,,,,,,
,,,,犯罪嫌疑人姓名,,,,否,/,否,犯罪嫌疑人姓名,,,,,,,
,,,,犯罪嫌疑人曾用名,,,,否,/,否,犯罪嫌疑人曾用名,,,,,,,
,,,,犯罪嫌疑人性别,,,,否,/,否,犯罪嫌疑人性别,,,,,,,
,,,,犯罪嫌疑人出生日期,,,,否,/,否,犯罪嫌疑人出生日期,,,,,,,
,,,,犯罪嫌疑人出生地址,,,,否,/,否,犯罪嫌疑人出生地址,,,,,,,
,,,,犯罪嫌疑人身份证号码,,,,否,/,否,犯罪嫌疑人身份证号码,,,,,,,
,,,,犯罪嫌疑人民族,,,,否,/,否,犯罪嫌疑人民族,,,,,,,
,,,,犯罪嫌疑人文化水平,,,,否,/,否,犯罪嫌疑人文化水平,,,,,,,
,,,,犯罪嫌疑人职业,,,,否,/,否,犯罪嫌疑人职业,,,,,,,
,,,,犯罪嫌疑人现住址,,,,否,/,否,犯罪嫌疑人现住址,,,,,,,
,,,,犯罪嫌疑人政治面貌,,,,否,/,否,犯罪嫌疑人政治面貌,,,,,,,
,,,,前科劣迹,,,,否,/,否,前科劣迹,,,,,,,
,,,,强制措施情况,,,,否,/,否,强制措施情况,,,,,,,
,,,,涉嫌罪名,,,,否,/,否,涉嫌罪名,,,,,,,
,,,,违法犯罪事实,,,,否,/,否,违法犯罪事实,,,,,,,
,,,,在案证据类型,,,,否,/,否,在案证据类型,,,,,,,
,,,,从轻从重情节,,,,否,/,否,从轻从重情节,,,,,,,
,,,,适用法条,,,,否,/,否,适用法条,,,,,,,
,,,,起诉罪名,,,,否,/,否,起诉罪名,,,,,,,
,,,,检察院名称,,,,否,/,否,检察院名称,,,,,,,
,,,,文书落款日期,,,,否,/,是,文书落款日期,,,,,,,
,,,,是否有文书公章,,,,,,,文书公章,,,,,,,
对单人,判决书,"文书字号是{文书文号}，正文内容是
被告人{被告人姓名}，{被告人性别}，出生日期{被告人出生日期}，{被告人证件类型及号码}，{被告人民族}，{被告人文化程度}，{被告人职位}，户籍地{被告人户籍地}。{被告人犯罪事实}。
{公诉机关}以{起诉书文号}指控被告人{被告人姓名}{被告人涉嫌罪名}，向本院提起公诉。
本院认为，{判决依据}{判决结果}。{是否有文书公章}，文书落款日期为{文书落款日期}
",这是一份{人员类型}{文书指向人}的{文书名称},文书名称,是,否,,否,/,否,文书名称,,,,,,,
,,,,文书文号,,,,否,/,否,文书文号,,,,,,,
,,,,公诉机关,,,,否,/,否,公诉机关,,,,,,,
,,,,被告人姓名,,,,否,/,否,被告人姓名,,,,,,,
,,,,被告人性别,,,,否,/,否,被告人性别,,,,,,,
,,,,被告人出生日期,,,,否,/,否,被告人出生日期,,,,,,,
,,,,被告人证件类型及号码,,,,否,/,否,被告人证件类型及号码,,,,,,,
,,,,被告人民族,,,,否,/,否,被告人民族,,,,,,,
,,,,被告人文化程度,,,,否,/,否,被告人文化程度,,,,,,,
,,,,被告人职位,,,,否,/,否,被告人职位,,,,,,,
,,,,被告人户籍地,,,,否,/,否,被告人户籍地,,,,,,,
,,,,被告人犯罪事实,,,,否,/,否,被告人犯罪事实,,,,,,,
,,,,起诉书文号,,,,否,/,否,起诉书文号,,,,,,,
,,,,被告人涉嫌罪名,,,,否,/,否,被告人涉嫌罪名,,,,,,,
,,,,判决依据,,,,否,/,否,判决依据,,,,,,,
,,,,判决结果,,,,否,/,否,判决结果,,,,,,,
,,,,文书落款日期,,,,否,/,否,文书落款日期,,,,,,,
,,,,是否有文书公章,,,,否,/,否,文书公章,,,,,,,
对多人,呈请传唤报告书,正文内容是经审批，于审批时间{审批时间}决定，根据{法律条款}之规定，针对{呈请事实}，作出如下决定：{决定内容}。文书落款日期为{文书落款日期}{是否有文书公章},这是一份{文书名称},文书名称,是,否,,否,/,否,文书名称,,,,,,,
,,,,审批时间,,,,否,/,否,审批时间,,,,,,,
,,,,呈请事实,,,,否,/,否,呈请事实,,,,,,,
,,,,法律条款,,,,否,/,否,法律条款,,,,,,,
,,,,决定内容,,,,否,/,否,决定内容,,,,,,,
,,,,文书落款日期,,,,否,/,是,文书落款日期,,,,,,,
,,,,是否有文书公章,,,,,,,文书公章,,,,,,,
对单人,准许被取保候审人离开所居市县决定书,文书字号是{文书字号}，被取保候审人{被取保候审人姓名}，性别{被取保候审人性别}，身份证件种类及号码{被取保候审人身份证件种类}{被取保候审人身份证件号码}，住址{被取保候审人住址}。该人因涉嫌{涉嫌罪名}，于被取保候审时间{被取保候审时间}被{公安机关名称}决定取保候审。该人因{申请原因}提出申请，经审查，认为具有正当理由，根据《中华人民共和国刑事诉讼法》第七十一条第一款之规定，决定准许其被取保候审人离开开始时间{被取保候审人离开开始时间}至被取保候审人离开结束时间{被取保候审人离开结束时间}离开其所居住的{被取保候审人住址}，去往{被取保候审人离开目的地址}。文书落款日期为{文书落款日期}{是否有文书公章},这是一份{人员类型}{文书指向人}的{文书名称},文书名称,是,否,,否,/,否,文书名称,,,,,,,
,,,,文书字号,,,,否,/,否,文书字号,,,,,,,
,,,,被取保候审人姓名,,,,否,/,否,被取保候审人姓名,,,,,,,
,,,,被取保候审人性别,,,,否,/,否,被取保候审人性别,,,,,,,
,,,,被取保候审人身份证件种类,,,,否,/,否,被取保候审人身份证件种类,,,,,,,
,,,,被取保候审人身份证件号码,,,,否,/,否,被取保候审人身份证件号码,,,,,,,
,,,,被取保候审人住址,,,,否,/,否,被取保候审人住址,,,,,,,
,,,,涉嫌罪名,,,,否,/,否,涉嫌罪名,,,,,,,
,,,,被取保候审时间,,,,否,/,否,被取保候审时间,,,,,,,
,,,,公安机关名称,,,,否,/,否,公安机关名称,,,,,,,
,,,,申请原因,,,,否,/,否,申请原因,,,,,,,
,,,,被取保候审人离开开始时间,,,,否,/,否,被取保候审人离开开始时间,,,,,,,
,,,,被取保候审人离开结束时间,,,,否,/,否,被取保候审人离开结束时间,,,,,,,
,,,,被取保候审人住址,,,,否,/,否,被取保候审人住址,,,,,,,
,,,,被取保候审人离开目的地址,,,,否,/,否,被取保候审人离开目的地址,,,,,,,
,,,,文书落款日期,,,,否,/,是,文书落款日期,,,,,,,
,,,,是否有文书公章,,,,,,,文书公章,,,,,,,
对单人,对保证人罚款决定书、通知书,文书字号是{文书字号}，保证人{保证人姓名}，性别{保证人性别}，出生日期{保证人出生日期}，住址{保证人地址}。被取保候审人{被取保候审人姓名}，性别{被取保候审人性别}，出生日期{被取保候审人出生日期}，住址{被取保候审人住址}。因被取保候审人在取保候审期间{罚款原因}，违反《中华人民共和国刑事诉讼法》第七十一条的规定，保证人未履行保证义务，根据《中华人民共和国刑事诉讼法》第七十条之规定，决定对保证人处以罚款{罚款金额}元。文书落款日期为{文书落款日期}，{是否有文书公章}。{保证人签名}，{是否有捺印}，保证人收到决定书时间为{保证人收到决定书时间},这是一份{人员类型}{文书指向人}的{文书名称},文书名称,是,是,,否,/,否,文书名称,,,,,,,
,,,,文书字号,,,,否,/,否,文书字号,,,,,,,
,,,,保证人姓名,,,,否,/,否,保证人姓名,,,,,,,
,,,,保证人性别,,,,否,/,否,保证人性别,,,,,,,
,,,,保证人出生日期,,,,否,/,否,保证人出生日期,,,,,,,
,,,,保证人地址,,,,否,/,否,保证人地址,,,,,,,
,,,,被取保候审人姓名,,,,否,/,否,被取保候审人姓名,,,,,,,
,,,,被取保候审人性别,,,,否,/,否,被取保候审人性别,,,,,,,
,,,,被取保候审人出生日期,,,,否,/,否,被取保候审人出生日期,,,,,,,
,,,,被取保候审人住址,,,,否,/,否,被取保候审人住址,,,,,,,
,,,,罚款原因,,,,否,/,否,罚款原因,,,,,,,
,,,,罚款金额,,,,否,/,是,罚款金额,,,,,,,
,,,,文书落款日期,,,,否,/,是,文书落款日期,,,,,,,
,,,,保证人签名,,,,否,/,是,保证人签名,,,,,,,
,,,,保证人收到决定书时间,,,,否,/,是,保证人收到决定书时间,,,,,,,
,,,,是否有捺印,,,,,,,是否有捺印,,,,,,,
,,,,是否有文书公章,,,,,,,文书公章,,,,,,,
对单人,责令具结悔过决定书,文书字号是{文书字号}，被取保候审人{被取保候审人姓名}，性别{被取保候审人性别}，出生日期{被取保候审人出生日期}，住址{被取保候审人住址}。因被取保候审人在取保候审期间{悔过原因}，根据《中华人民共和国刑事诉讼法》第七十一条之规定，决定责令其具结悔过，并在接到本决定书之日起{悔过书递交期限}内将悔过书交我局。文书落款日期为{文书落款日期}，{是否有文书公章}。被取保候审人{被取保候审人签名}，{是否有捺印}，被取保候审人收到决定书时间为{被取保候审人收到决定书时间},这是一份{人员类型}{文书指向人}的{文书名称},文书名称,是,是,,否,/,否,文书名称,,,,,,,
,,,,文书字号,,,,否,/,否,文书字号,,,,,,,
,,,,被取保候审人姓名,,,,否,/,否,被取保候审人姓名,,,,,,,
,,,,被取保候审人性别,,,,否,/,否,被取保候审人性别,,,,,,,
,,,,被取保候审人出生日期,,,,否,/,否,被取保候审人出生日期,,,,,,,
,,,,被取保候审人住址,,,,否,/,否,被取保候审人住址,,,,,,,
,,,,悔过原因,,,,否,/,否,悔过原因,,,,,,,
,,,,悔过书递交期限,,,,否,/,否,悔过书递交期限,,,,,,,
,,,,文书落款日期,,,,否,/,是,文书落款日期,,,,,,,
,,,,是否有文书公章,,,,,,,文书公章,,,,,,,
,,,,被取保候审人签名,,,,否,/,是,被取保候审人签名,,,,,,,
,,,,是否有捺印,,,,,,,是否有捺印,,,,,,,
,,,,被取保候审人收到决定书时间,,,,否,/,否,被取保候审人收到决定书时间,,,,,,,
对单人,不予释放/变更强制措施通知书,"文书字号是{文书文号}，正文内容是{被告知人姓名}，
你(单位)于申请日期{申请日期}建议/申请对已被{强制措施情况}的犯罪嫌疑人{犯罪嫌疑人姓名}(性别{犯罪嫌疑人性别}，出生日期{犯罪嫌疑人出生日期})释放/变更强制措施。经审查，我局认为{不予释放/变更强制措施原因}，根据{适用法条}之规定，决定不予释放/变更强制措施。
文书落款日期为{文书落款日期}，{是否有文书公章}
{被告知人签名}，被告知人签名日期为{被告知人签名日期}",这是一份{人员类型}{文书指向人}的{文书名称},文书名称,是,否,,否,/,否,文书名称,,,,,,,
,,,,文书文号,,,,否,/,否,文书文号,,,,,,,
,,,,被告知人姓名,,,,否,/,否,被告知人姓名,,,,,,,
,,,,申请日期,,,,否,/,否,申请日期,,,,,,,
,,,,强制措施情况,,,,否,/,否,强制措施情况,,,,,,,
,,,,犯罪嫌疑人姓名,,,,否,/,否,犯罪嫌疑人姓名,,,,,,,
,,,,犯罪嫌疑人性别,,,,否,/,否,犯罪嫌疑人性别,,,,,,,
,,,,犯罪嫌疑人出生日期,,,,否,/,否,犯罪嫌疑人出生日期,,,,,,,
,,,,不予释放/变更强制措施原因,,,,否,/,否,不予释放/变更强制措施原因,,,,,,,
,,,,适用法条,,,,否,/,否,适用法条,,,,,,,
,,,,是否有文书公章,,,,,,,文书公章,,,,,,,
,,,,文书落款日期,,,,否,/,是,文书落款日期,,,,,,,
,,,,被告知人签名,,,,否,/,是,被告知人签名,,,,,,,
,,,,被告知人签名日期,,,,否,/,是,被告知人签名日期,,,,,,,
对单人,提请批准延长侦查羁押期限意见书,"文书字号是{文书文号}，正文内容是{人民检察院名称}你院于批准日期{批准日期}以{批准决定书文号}批准逮捕的犯罪嫌疑人{犯罪嫌疑人姓名}已于执行逮捕时间{执行逮捕时间}被执行逮捕，因{提请原因}，羁押期限届满不能侦查终结，根据{适用法条}之规定，特提请批准对其延长羁押期限{延长羁押期限}。
文书落款日期为{文书落款日期}{是否有文书公章}
{检察院收件人签名}，检察院收件人签名日期为{检察院收件人签名日期}
",这是一份{人员类型}{文书指向人}的{文书名称},文书名称,是,否,,否,/,否,文书名称,,,,,,,
,,,,文书文号,,,,否,/,否,文书文号,,,,,,,
,,,,人民检察院名称,,,,否,/,否,人民检察院名称,,,,,,,
,,,,批准日期,,,,否,/,否,批准日期,,,,,,,
,,,,批准决定书文号,,,,否,/,否,批准决定书文号,,,,,,,
,,,,犯罪嫌疑人姓名,,,,否,/,否,犯罪嫌疑人姓名,,,,,,,
,,,,执行逮捕时间,,,,否,/,否,执行逮捕时间,,,,,,,
,,,,提请原因,,,,否,/,否,提请原因,,,,,,,
,,,,适用法条,,,,否,/,否,适用法条,,,,,,,
,,,,延长羁押期限,,,,否,/,否,延长羁押期限,,,,,,,
,,,,文书落款日期,,,,否,/,是,文书落款日期,,,,,,,
,,,,检察院收件人签名,,,,否,/,是,检察院收件人签名,,,,,,,
,,,,检察院收件人签名日期,,,,否,/,是,检察院收件人签名日期,,,,,,,
,,,,是否有文书公章,,,,,,,文书公章,,,,,,,
对案,《接受证据材料清单》,所列物品（编号：{物品编号}，名称：{物品名称}，数量：{物品数量}，特征：{物品特征}，备注：{物品备注}）已于接受日期{接受日期}由{提交人签名}提交，由保管人{保管人签名}与办案民警{办案民警签名}接受，文书公章情况：{是否有文书公章},这是一份{文书名称},文书名称,是,是,wsmc,否,/,否,文书名称,,,,,,,
,,,,物品编号,,,wpbh,否,/,否,物品编号,,,,,,,
,,,,物品名称,,,wpmc,是,物品名称,否,物品名称,,,,,,,
,,,,物品数量,,,wpsl,是,物品数量,否,物品数量,,,,,,,
,,,,物品特征,,,wptz,是,物品特征,否,物品特征,,,,,,,
,,,,物品备注,,,wp_bz,否,/,否,物品备注,,,,,,,
,,,,提交人签名,,,tjr_xm,是,提交人,否,提交人签名,,,,,,,
,,,,保管人签名,,,bgr_qm,是,保管人,是,保管人签名,,,,,,,
,,,,办案民警签名,,,bar_xm,否,/,是,办案民警签名,,,,,,,
,,,,接受日期,,,jsrq,是,接受日期,是,接受日期,,,,,,,
,,,,是否有文书公章,,,,,,,文书公章,,,,,,,
对案,《调取证据清单》,所列物品（编号：{物品编号}，名称：{物品名称}，数量：{物品数量}，特征：{物品特征}，备注：{物品备注}）已于调取日期{调取日期}由保管人{保管人签名}与办案民警{办案民警签名}向{证据持有人}调取，文书公章情况：{是否有文书公章},这是一份{文书名称},文书名称,是,是,wsmc,否,/,否,文书名称,,,,,,,
,,,,物品编号,,,wpbh,否,/,否,物品编号,,,,,,,
,,,,物品名称,,,wpmc,是,物品名称,否,物品名称,,,,,,,
,,,,物品数量,,,wpsl,是,物品数量,否,物品数量,,,,,,,
,,,,物品特征,,,wptz,是,物品特征,否,物品特征,,,,,,,
,,,,物品备注,,,wp_bz,否,/,否,物品备注,,,,,,,
,,,,证据持有人签名,,,tjr_xm,是,证据持有人,否,证据持有人签名,,,,,,,
,,,,保管人签名,,,bgr_qm,是,保管人,是,保管人签名,,,,,,,
,,,,办案民警签名,,,bar_xm,否,/,是,办案民警签名,,,,,,,
,,,,调取日期,,,jsrq,是,调取日期,是,调取日期,,,,,,,
,,,,是否有文书公章,,,,,,,文书公章,,,,,,,
对案,《呈请办案协作报告书》,正文内容是经审批，于审批时间{审批时间}决定，根据{法律条款}之规定，针对{呈请事实}，作出如下决定：{决定内容}。本文书落款时间为{落款时间},这是一份{文书名称},文书名称,否,否,wsmc,否,/,否,文书名称,,,,,,,
,,,,审批时间,,,saspsj,否,/,否,审批时间,,,,,,,
,,,,呈请事实,,,cqss,否,/,否,呈请事实,,,,,,,
,,,,法律条款,,,fltk,否,/,否,法律条款,,,,,,,
,,,,决定内容,,,jdnr,否,/,否,决定内容,,,,,,,
,,,,落款时间,,,wslksj,否,/,是,落款时间,,,,,,,
对案,《呈请延长传唤报告书》,正文内容是经审批，于审批时间{审批时间}决定，根据{法律条款}之规定，针对{呈请事实}，作出如下决定：{决定内容}。本文书落款时间为{落款时间},这是一份{文书名称},文书名称,否,否,wsmc,否,/,否,文书名称,,,,,,,
,,,,审批时间,,,saspsj,否,/,否,审批时间,,,,,,,
,,,,呈请事实,,,cqss,否,/,否,呈请事实,,,,,,,
,,,,法律条款,,,fltk,否,/,否,法律条款,,,,,,,
,,,,决定内容,,,jdnr,否,/,否,决定内容,,,,,,,
,,,,落款时间,,,wslksj,否,/,是,落款时间,,,,,,,
对人,《取保候审保证人资格审查表》,保证人姓名{保证人姓名}、性别{性别}、年龄{年龄}、联系电话{联系电话}、与被取保人关系{与被取保人关系}、身份证号码{身份证号码}、单位职业{单位职业}、保证人现住址{保证人现住址}、被取保候审人现住地{被取保候审人现住地},这是一份{人员类型}{文书指向人}的{文书名称},保证人姓名,否,否,,否,/,否,保证人姓名,,,,,,,
,,,,姓别,,,,否,/,否,姓别,,,,,,,
,,,,年龄,,,,否,/,否,年龄,,,,,,,
,,,,联系电话,,,,否,/,否,联系电话,,,,,,,
,,,,与被取保人关系,,,,否,/,否,与被取保人关系,,,,,,,
,,,,身份证号码,,,,否,/,否,身份证号码,,,,,,,
,,,,单位职业,,,,否,/,否,单位职业,,,,,,,
,,,,保证人现住址,,,,否,/,否,保证人现住址,,,,,,,
,,,,被取保候审人现住地,,,,否,/,否,被取保候审人现住地,,,,,,,
对案,《案件移送函》,文书字号是{文书文号}，接收时间是{接收时间}，文书公章情况：{是否有文书公章},这是一份{文书名称},文书名称,是,否,wsmc,否,/,否,文书名称,,,,,,,
,,,,文书文号,,,wswh,否,/,否,文书文号,,,,,,,
,,,,接收时间,,,ysjssj,否,/,是,接收时间,,,,,,,
,,,,是否有文书公章,,,,,,,文书公章,,,,,,,